Vecka,Year,Region,AntalVaccinerade,AndelVaccinerade,Vaccinationsstatus
52,2020,| Sverige |,2252,"0,000275",Minst 1 dos
52,2020,| Sverige |,0,"0,000000",Färdigvaccinerade
52,2020,Stockholm,286,"0,000153",Minst 1 dos
52,2020,Stockholm,0,"0,000000",Färdigvaccinerade
52,2020,Uppsala,8,"0,000026",Minst 1 dos
52,2020,Uppsala,0,"0,000000",Färdigvaccinerade
52,2020,Södermanland,116,"0,000496",Minst 1 dos
52,2020,Södermanland,0,"0,000000",Färdigvaccinerade
52,2020,Östergötland,210,"0,000567",Minst 1 dos
52,2020,Östergötland,0,"0,000000",Färdigvaccinerade
52,2020,Jönköping,43,"0,000151",Minst 1 dos
52,2020,Jönköping,0,"0,000000",Färdigvaccinerade
52,2020,Kronoberg,29,"0,000183",Minst 1 dos
52,2020,Kronoberg,0,"0,000000",Färdigvaccinerade
52,2020,Kalmar,0,"0,000000",Minst 1 dos
52,2020,Kalmar,0,"0,000000",Färdigvaccinerade
52,2020,Gotland,0,"0,000000",Minst 1 dos
52,2020,Gotland,0,"0,000000",Färdigvaccinerade
52,2020,Blekinge,179,"0,001410",Minst 1 dos
52,2020,Blekinge,0,"0,000000",Färdigvaccinerade
52,2020,Skåne,295,"0,000271",Minst 1 dos
52,2020,Skåne,0,"0,000000",Färdigvaccinerade
52,2020,Halland,46,"0,000174",Minst 1 dos
52,2020,Halland,0,"0,000000",Färdigvaccinerade
52,2020,Västra Götaland,281,"0,000205",Minst 1 dos
52,2020,Västra Götaland,0,"0,000000",Färdigvaccinerade
52,2020,Värmland,43,"0,000189",Minst 1 dos
52,2020,Värmland,0,"0,000000",Färdigvaccinerade
52,2020,Örebro,244,"0,001010",Minst 1 dos
52,2020,Örebro,0,"0,000000",Färdigvaccinerade
52,2020,Västmanland,24,"0,000110",Minst 1 dos
52,2020,Västmanland,0,"0,000000",Färdigvaccinerade
52,2020,Dalarna,189,"0,000825",Minst 1 dos
52,2020,Dalarna,0,"0,000000",Färdigvaccinerade
52,2020,Gävleborg,196,"0,000852",Minst 1 dos
52,2020,Gävleborg,0,"0,000000",Färdigvaccinerade
52,2020,Västernorrland,0,"0,000000",Minst 1 dos
52,2020,Västernorrland,0,"0,000000",Färdigvaccinerade
52,2020,Jämtland,63,"0,000602",Minst 1 dos
52,2020,Jämtland,0,"0,000000",Färdigvaccinerade
52,2020,Västerbotten,0,"0,000000",Minst 1 dos
52,2020,Västerbotten,0,"0,000000",Färdigvaccinerade
52,2020,Norrbotten,0,"0,000000",Minst 1 dos
52,2020,Norrbotten,0,"0,000000",Färdigvaccinerade
53,2020,| Sverige |,15675,"0,001914",Minst 1 dos
53,2020,| Sverige |,44,"0,000005",Färdigvaccinerade
53,2020,Stockholm,2238,"0,001197",Minst 1 dos
53,2020,Stockholm,43,"0,000023",Färdigvaccinerade
53,2020,Uppsala,245,"0,000800",Minst 1 dos
53,2020,Uppsala,0,"0,000000",Färdigvaccinerade
53,2020,Södermanland,1254,"0,005357",Minst 1 dos
53,2020,Södermanland,0,"0,000000",Färdigvaccinerade
53,2020,Östergötland,2181,"0,005891",Minst 1 dos
53,2020,Östergötland,0,"0,000000",Färdigvaccinerade
53,2020,Jönköping,1154,"0,004046",Minst 1 dos
53,2020,Jönköping,0,"0,000000",Färdigvaccinerade
53,2020,Kronoberg,220,"0,001391",Minst 1 dos
53,2020,Kronoberg,0,"0,000000",Färdigvaccinerade
53,2020,Kalmar,293,"0,001485",Minst 1 dos
53,2020,Kalmar,0,"0,000000",Färdigvaccinerade
53,2020,Gotland,198,"0,004037",Minst 1 dos
53,2020,Gotland,0,"0,000000",Färdigvaccinerade
53,2020,Blekinge,667,"0,005256",Minst 1 dos
53,2020,Blekinge,0,"0,000000",Färdigvaccinerade
53,2020,Skåne,1424,"0,001307",Minst 1 dos
53,2020,Skåne,0,"0,000000",Färdigvaccinerade
53,2020,Halland,227,"0,000861",Minst 1 dos
53,2020,Halland,0,"0,000000",Färdigvaccinerade
53,2020,Västra Götaland,2331,"0,001700",Minst 1 dos
53,2020,Västra Götaland,0,"0,000000",Färdigvaccinerade
53,2020,Värmland,194,"0,000852",Minst 1 dos
53,2020,Värmland,0,"0,000000",Färdigvaccinerade
53,2020,Örebro,1335,"0,005526",Minst 1 dos
53,2020,Örebro,0,"0,000000",Färdigvaccinerade
53,2020,Västmanland,57,"0,000261",Minst 1 dos
53,2020,Västmanland,0,"0,000000",Färdigvaccinerade
53,2020,Dalarna,191,"0,000833",Minst 1 dos
53,2020,Dalarna,0,"0,000000",Färdigvaccinerade
53,2020,Gävleborg,711,"0,003092",Minst 1 dos
53,2020,Gävleborg,0,"0,000000",Färdigvaccinerade
53,2020,Västernorrland,214,"0,001095",Minst 1 dos
53,2020,Västernorrland,0,"0,000000",Färdigvaccinerade
53,2020,Jämtland,198,"0,001893",Minst 1 dos
53,2020,Jämtland,0,"0,000000",Färdigvaccinerade
53,2020,Västerbotten,129,"0,000590",Minst 1 dos
53,2020,Västerbotten,0,"0,000000",Färdigvaccinerade
53,2020,Norrbotten,214,"0,001052",Minst 1 dos
53,2020,Norrbotten,0,"0,000000",Färdigvaccinerade
01,2021,| Sverige |,50664,"0,006186",Minst 1 dos
01,2021,| Sverige |,81,"0,000010",Färdigvaccinerade
01,2021,Stockholm,7182,"0,003843",Minst 1 dos
01,2021,Stockholm,77,"0,000041",Färdigvaccinerade
01,2021,Uppsala,1384,"0,004518",Minst 1 dos
01,2021,Uppsala,0,"0,000000",Färdigvaccinerade
01,2021,Södermanland,4022,"0,017181",Minst 1 dos
01,2021,Södermanland,0,"0,000000",Färdigvaccinerade
01,2021,Östergötland,4358,"0,011772",Minst 1 dos
01,2021,Östergötland,0,"0,000000",Färdigvaccinerade
01,2021,Jönköping,1663,"0,005831",Minst 1 dos
01,2021,Jönköping,0,"0,000000",Färdigvaccinerade
01,2021,Kronoberg,1238,"0,007828",Minst 1 dos
01,2021,Kronoberg,0,"0,000000",Färdigvaccinerade
01,2021,Kalmar,1859,"0,009423",Minst 1 dos
01,2021,Kalmar,0,"0,000000",Färdigvaccinerade
01,2021,Gotland,496,"0,010114",Minst 1 dos
01,2021,Gotland,0,"0,000000",Färdigvaccinerade
01,2021,Blekinge,1647,"0,012978",Minst 1 dos
01,2021,Blekinge,0,"0,000000",Färdigvaccinerade
01,2021,Skåne,4485,"0,004116",Minst 1 dos
01,2021,Skåne,0,"0,000000",Färdigvaccinerade
01,2021,Halland,373,"0,001414",Minst 1 dos
01,2021,Halland,0,"0,000000",Färdigvaccinerade
01,2021,Västra Götaland,7089,"0,005170",Minst 1 dos
01,2021,Västra Götaland,0,"0,000000",Färdigvaccinerade
01,2021,Värmland,1122,"0,004926",Minst 1 dos
01,2021,Värmland,0,"0,000000",Färdigvaccinerade
01,2021,Örebro,3113,"0,012886",Minst 1 dos
01,2021,Örebro,0,"0,000000",Färdigvaccinerade
01,2021,Västmanland,92,"0,000421",Minst 1 dos
01,2021,Västmanland,0,"0,000000",Färdigvaccinerade
01,2021,Dalarna,3104,"0,013543",Minst 1 dos
01,2021,Dalarna,0,"0,000000",Färdigvaccinerade
01,2021,Gävleborg,2024,"0,008802",Minst 1 dos
01,2021,Gävleborg,0,"0,000000",Färdigvaccinerade
01,2021,Västernorrland,1948,"0,009963",Minst 1 dos
01,2021,Västernorrland,0,"0,000000",Färdigvaccinerade
01,2021,Jämtland,1074,"0,010271",Minst 1 dos
01,2021,Jämtland,0,"0,000000",Färdigvaccinerade
01,2021,Västerbotten,1102,"0,005044",Minst 1 dos
01,2021,Västerbotten,0,"0,000000",Färdigvaccinerade
01,2021,Norrbotten,1289,"0,006339",Minst 1 dos
01,2021,Norrbotten,0,"0,000000",Färdigvaccinerade
02,2021,| Sverige |,128374,"0,015675",Minst 1 dos
02,2021,| Sverige |,187,"0,000023",Färdigvaccinerade
02,2021,Stockholm,22707,"0,012149",Minst 1 dos
02,2021,Stockholm,164,"0,000088",Färdigvaccinerade
02,2021,Uppsala,5289,"0,017266",Minst 1 dos
02,2021,Uppsala,0,"0,000000",Färdigvaccinerade
02,2021,Södermanland,7130,"0,030459",Minst 1 dos
02,2021,Södermanland,0,"0,000000",Färdigvaccinerade
02,2021,Östergötland,6673,"0,018025",Minst 1 dos
02,2021,Östergötland,0,"0,000000",Färdigvaccinerade
02,2021,Jönköping,6947,"0,024359",Minst 1 dos
02,2021,Jönköping,0,"0,000000",Färdigvaccinerade
02,2021,Kronoberg,2254,"0,014252",Minst 1 dos
02,2021,Kronoberg,0,"0,000000",Färdigvaccinerade
02,2021,Kalmar,4507,"0,022846",Minst 1 dos
02,2021,Kalmar,0,"0,000000",Färdigvaccinerade
02,2021,Gotland,1171,"0,023877",Minst 1 dos
02,2021,Gotland,0,"0,000000",Färdigvaccinerade
02,2021,Blekinge,2786,"0,021952",Minst 1 dos
02,2021,Blekinge,5,"0,000039",Färdigvaccinerade
02,2021,Skåne,14919,"0,013692",Minst 1 dos
02,2021,Skåne,0,"0,000000",Färdigvaccinerade
02,2021,Halland,2937,"0,011137",Minst 1 dos
02,2021,Halland,0,"0,000000",Färdigvaccinerade
02,2021,Västra Götaland,16297,"0,011886",Minst 1 dos
02,2021,Västra Götaland,7,"0,000005",Färdigvaccinerade
02,2021,Värmland,2617,"0,011491",Minst 1 dos
02,2021,Värmland,0,"0,000000",Färdigvaccinerade
02,2021,Örebro,5653,"0,023401",Minst 1 dos
02,2021,Örebro,0,"0,000000",Färdigvaccinerade
02,2021,Västmanland,5123,"0,023416",Minst 1 dos
02,2021,Västmanland,0,"0,000000",Färdigvaccinerade
02,2021,Dalarna,3170,"0,013831",Minst 1 dos
02,2021,Dalarna,0,"0,000000",Färdigvaccinerade
02,2021,Gävleborg,4628,"0,020125",Minst 1 dos
02,2021,Gävleborg,0,"0,000000",Färdigvaccinerade
02,2021,Västernorrland,4760,"0,024346",Minst 1 dos
02,2021,Västernorrland,0,"0,000000",Färdigvaccinerade
02,2021,Jämtland,2065,"0,019748",Minst 1 dos
02,2021,Jämtland,0,"0,000000",Färdigvaccinerade
02,2021,Västerbotten,3244,"0,014848",Minst 1 dos
02,2021,Västerbotten,0,"0,000000",Färdigvaccinerade
02,2021,Norrbotten,3497,"0,017198",Minst 1 dos
02,2021,Norrbotten,0,"0,000000",Färdigvaccinerade
03,2021,| Sverige |,230756,"0,028176",Minst 1 dos
03,2021,| Sverige |,10430,"0,001274",Färdigvaccinerade
03,2021,Stockholm,34562,"0,018491",Minst 1 dos
03,2021,Stockholm,2040,"0,001091",Färdigvaccinerade
03,2021,Uppsala,8003,"0,026126",Minst 1 dos
03,2021,Uppsala,224,"0,000731",Färdigvaccinerade
03,2021,Södermanland,10592,"0,045248",Minst 1 dos
03,2021,Södermanland,815,"0,003482",Färdigvaccinerade
03,2021,Östergötland,11317,"0,030570",Minst 1 dos
03,2021,Östergötland,2011,"0,005432",Färdigvaccinerade
03,2021,Jönköping,10356,"0,036312",Minst 1 dos
03,2021,Jönköping,878,"0,003079",Färdigvaccinerade
03,2021,Kronoberg,4210,"0,026619",Minst 1 dos
03,2021,Kronoberg,202,"0,001277",Färdigvaccinerade
03,2021,Kalmar,8138,"0,041251",Minst 1 dos
03,2021,Kalmar,289,"0,001465",Färdigvaccinerade
03,2021,Gotland,2164,"0,044125",Minst 1 dos
03,2021,Gotland,190,"0,003874",Färdigvaccinerade
03,2021,Blekinge,4168,"0,032842",Minst 1 dos
03,2021,Blekinge,281,"0,002214",Färdigvaccinerade
03,2021,Skåne,28633,"0,026278",Minst 1 dos
03,2021,Skåne,317,"0,000291",Färdigvaccinerade
03,2021,Halland,7081,"0,026851",Minst 1 dos
03,2021,Halland,182,"0,000690",Färdigvaccinerade
03,2021,Västra Götaland,36517,"0,026633",Minst 1 dos
03,2021,Västra Götaland,416,"0,000303",Färdigvaccinerade
03,2021,Värmland,6510,"0,028584",Minst 1 dos
03,2021,Värmland,169,"0,000742",Färdigvaccinerade
03,2021,Örebro,9493,"0,039296",Minst 1 dos
03,2021,Örebro,804,"0,003328",Färdigvaccinerade
03,2021,Västmanland,8565,"0,039148",Minst 1 dos
03,2021,Västmanland,138,"0,000631",Färdigvaccinerade
03,2021,Dalarna,9982,"0,043551",Minst 1 dos
03,2021,Dalarna,170,"0,000742",Färdigvaccinerade
03,2021,Gävleborg,7077,"0,030775",Minst 1 dos
03,2021,Gävleborg,632,"0,002748",Färdigvaccinerade
03,2021,Västernorrland,7725,"0,039511",Minst 1 dos
03,2021,Västernorrland,185,"0,000946",Färdigvaccinerade
03,2021,Jämtland,3239,"0,030975",Minst 1 dos
03,2021,Jämtland,162,"0,001549",Färdigvaccinerade
03,2021,Västerbotten,5597,"0,025618",Minst 1 dos
03,2021,Västerbotten,118,"0,000540",Färdigvaccinerade
03,2021,Norrbotten,6827,"0,033575",Minst 1 dos
03,2021,Norrbotten,207,"0,001018",Färdigvaccinerade
04,2021,| Sverige |,294252,"0,035929",Minst 1 dos
04,2021,| Sverige |,35699,"0,004359",Färdigvaccinerade
04,2021,Stockholm,44420,"0,023766",Minst 1 dos
04,2021,Stockholm,6162,"0,003297",Färdigvaccinerade
04,2021,Uppsala,10766,"0,035146",Minst 1 dos
04,2021,Uppsala,1208,"0,003944",Färdigvaccinerade
04,2021,Södermanland,11530,"0,049255",Minst 1 dos
04,2021,Södermanland,2581,"0,011026",Färdigvaccinerade
04,2021,Östergötland,14387,"0,038863",Minst 1 dos
04,2021,Östergötland,3682,"0,009946",Färdigvaccinerade
04,2021,Jönköping,13110,"0,045969",Minst 1 dos
04,2021,Jönköping,1398,"0,004902",Färdigvaccinerade
04,2021,Kronoberg,5304,"0,033537",Minst 1 dos
04,2021,Kronoberg,1137,"0,007189",Färdigvaccinerade
04,2021,Kalmar,11453,"0,058055",Minst 1 dos
04,2021,Kalmar,1778,"0,009013",Färdigvaccinerade
04,2021,Gotland,4056,"0,082705",Minst 1 dos
04,2021,Gotland,393,"0,008014",Färdigvaccinerade
04,2021,Blekinge,5510,"0,043416",Minst 1 dos
04,2021,Blekinge,1415,"0,011150",Färdigvaccinerade
04,2021,Skåne,38990,"0,035783",Minst 1 dos
04,2021,Skåne,1370,"0,001257",Färdigvaccinerade
04,2021,Halland,10520,"0,039891",Minst 1 dos
04,2021,Halland,309,"0,001172",Färdigvaccinerade
04,2021,Västra Götaland,43929,"0,032039",Minst 1 dos
04,2021,Västra Götaland,2184,"0,001593",Färdigvaccinerade
04,2021,Värmland,10029,"0,044035",Minst 1 dos
04,2021,Värmland,1044,"0,004584",Färdigvaccinerade
04,2021,Örebro,10854,"0,044930",Minst 1 dos
04,2021,Örebro,1933,"0,008002",Färdigvaccinerade
04,2021,Västmanland,10209,"0,046662",Minst 1 dos
04,2021,Västmanland,385,"0,001760",Färdigvaccinerade
04,2021,Dalarna,10428,"0,045497",Minst 1 dos
04,2021,Dalarna,2895,"0,012631",Färdigvaccinerade
04,2021,Gävleborg,9488,"0,041260",Minst 1 dos
04,2021,Gävleborg,1901,"0,008267",Färdigvaccinerade
04,2021,Västernorrland,8310,"0,042503",Minst 1 dos
04,2021,Västernorrland,1700,"0,008695",Färdigvaccinerade
04,2021,Jämtland,3554,"0,033987",Minst 1 dos
04,2021,Jämtland,890,"0,008511",Färdigvaccinerade
04,2021,Västerbotten,7994,"0,036589",Minst 1 dos
04,2021,Västerbotten,121,"0,000554",Färdigvaccinerade
04,2021,Norrbotten,9411,"0,046283",Minst 1 dos
04,2021,Norrbotten,1213,"0,005965",Färdigvaccinerade
05,2021,| Sverige |,337704,"0,041234",Minst 1 dos
05,2021,| Sverige |,91097,"0,011123",Färdigvaccinerade
05,2021,Stockholm,52801,"0,028250",Minst 1 dos
05,2021,Stockholm,16434,"0,008793",Färdigvaccinerade
05,2021,Uppsala,13018,"0,042498",Minst 1 dos
05,2021,Uppsala,3444,"0,011243",Färdigvaccinerade
05,2021,Södermanland,11898,"0,050827",Minst 1 dos
05,2021,Södermanland,5947,"0,025405",Färdigvaccinerade
05,2021,Östergötland,16795,"0,045367",Minst 1 dos
05,2021,Östergötland,6003,"0,016216",Färdigvaccinerade
05,2021,Jönköping,13514,"0,047386",Minst 1 dos
05,2021,Jönköping,6241,"0,021884",Färdigvaccinerade
05,2021,Kronoberg,6752,"0,042692",Minst 1 dos
05,2021,Kronoberg,2074,"0,013114",Färdigvaccinerade
05,2021,Kalmar,13570,"0,068785",Minst 1 dos
05,2021,Kalmar,1927,"0,009768",Färdigvaccinerade
05,2021,Gotland,4825,"0,098385",Minst 1 dos
05,2021,Gotland,1098,"0,022389",Färdigvaccinerade
05,2021,Blekinge,6952,"0,054779",Minst 1 dos
05,2021,Blekinge,2527,"0,019912",Färdigvaccinerade
05,2021,Skåne,45753,"0,041990",Minst 1 dos
05,2021,Skåne,8234,"0,007557",Färdigvaccinerade
05,2021,Halland,12775,"0,048442",Minst 1 dos
05,2021,Halland,2618,"0,009927",Färdigvaccinerade
05,2021,Västra Götaland,49244,"0,035915",Minst 1 dos
05,2021,Västra Götaland,6847,"0,004994",Färdigvaccinerade
05,2021,Värmland,12199,"0,053562",Minst 1 dos
05,2021,Värmland,2359,"0,010358",Färdigvaccinerade
05,2021,Örebro,12132,"0,050221",Minst 1 dos
05,2021,Örebro,3658,"0,015142",Färdigvaccinerade
05,2021,Västmanland,10720,"0,048998",Minst 1 dos
05,2021,Västmanland,4909,"0,022438",Färdigvaccinerade
05,2021,Dalarna,10497,"0,045798",Minst 1 dos
05,2021,Dalarna,2948,"0,012862",Färdigvaccinerade
05,2021,Gävleborg,12376,"0,053819",Minst 1 dos
05,2021,Gävleborg,4398,"0,019125",Färdigvaccinerade
05,2021,Västernorrland,9010,"0,046084",Minst 1 dos
05,2021,Västernorrland,2989,"0,015288",Färdigvaccinerade
05,2021,Jämtland,3692,"0,035307",Minst 1 dos
05,2021,Jämtland,2019,"0,019308",Färdigvaccinerade
05,2021,Västerbotten,9476,"0,043372",Minst 1 dos
05,2021,Västerbotten,1148,"0,005254",Färdigvaccinerade
05,2021,Norrbotten,9705,"0,047729",Minst 1 dos
05,2021,Norrbotten,3275,"0,016106",Färdigvaccinerade
06,2021,| Sverige |,383128,"0,046781",Minst 1 dos
06,2021,| Sverige |,160552,"0,019604",Färdigvaccinerade
06,2021,Stockholm,57518,"0,030773",Minst 1 dos
06,2021,Stockholm,26386,"0,014117",Färdigvaccinerade
06,2021,Uppsala,15105,"0,049311",Minst 1 dos
06,2021,Uppsala,6001,"0,019591",Färdigvaccinerade
06,2021,Södermanland,12812,"0,054731",Minst 1 dos
06,2021,Södermanland,9151,"0,039092",Färdigvaccinerade
06,2021,Östergötland,18665,"0,050419",Minst 1 dos
06,2021,Östergötland,9952,"0,026883",Färdigvaccinerade
06,2021,Jönköping,15424,"0,054083",Minst 1 dos
06,2021,Jönköping,9172,"0,032161",Färdigvaccinerade
06,2021,Kronoberg,7425,"0,046948",Minst 1 dos
06,2021,Kronoberg,3880,"0,024533",Färdigvaccinerade
06,2021,Kalmar,14681,"0,074417",Minst 1 dos
06,2021,Kalmar,5043,"0,025563",Färdigvaccinerade
06,2021,Gotland,5097,"0,103931",Minst 1 dos
06,2021,Gotland,1325,"0,027018",Färdigvaccinerade
06,2021,Blekinge,8208,"0,064675",Minst 1 dos
06,2021,Blekinge,3837,"0,030234",Färdigvaccinerade
06,2021,Skåne,49093,"0,045055",Minst 1 dos
06,2021,Skåne,14133,"0,012971",Färdigvaccinerade
06,2021,Halland,15961,"0,060523",Minst 1 dos
06,2021,Halland,6162,"0,023366",Färdigvaccinerade
06,2021,Västra Götaland,59200,"0,043177",Minst 1 dos
06,2021,Västra Götaland,15531,"0,011327",Färdigvaccinerade
06,2021,Värmland,14088,"0,061856",Minst 1 dos
06,2021,Värmland,4658,"0,020452",Färdigvaccinerade
06,2021,Örebro,14715,"0,060913",Minst 1 dos
06,2021,Örebro,5933,"0,024560",Färdigvaccinerade
06,2021,Västmanland,11637,"0,053189",Minst 1 dos
06,2021,Västmanland,6885,"0,031469",Färdigvaccinerade
06,2021,Dalarna,11206,"0,048891",Minst 1 dos
06,2021,Dalarna,9215,"0,040205",Färdigvaccinerade
06,2021,Gävleborg,14899,"0,064790",Minst 1 dos
06,2021,Gävleborg,6120,"0,026614",Färdigvaccinerade
06,2021,Västernorrland,9913,"0,050702",Minst 1 dos
06,2021,Västernorrland,4767,"0,024382",Färdigvaccinerade
06,2021,Jämtland,4777,"0,045683",Minst 1 dos
06,2021,Jämtland,3008,"0,028766",Färdigvaccinerade
06,2021,Västerbotten,10892,"0,049854",Minst 1 dos
06,2021,Västerbotten,3190,"0,014601",Färdigvaccinerade
06,2021,Norrbotten,11812,"0,058091",Minst 1 dos
06,2021,Norrbotten,6203,"0,030506",Färdigvaccinerade
07,2021,| Sverige |,452460,"0,055246",Minst 1 dos
07,2021,| Sverige |,241045,"0,029432",Färdigvaccinerade
07,2021,Stockholm,65384,"0,034982",Minst 1 dos
07,2021,Stockholm,36460,"0,019507",Färdigvaccinerade
07,2021,Uppsala,17627,"0,057544",Minst 1 dos
07,2021,Uppsala,8294,"0,027076",Färdigvaccinerade
07,2021,Södermanland,16189,"0,069157",Minst 1 dos
07,2021,Södermanland,10962,"0,046828",Färdigvaccinerade
07,2021,Östergötland,23519,"0,063530",Minst 1 dos
07,2021,Östergötland,13334,"0,036018",Färdigvaccinerade
07,2021,Jönköping,18721,"0,065643",Minst 1 dos
07,2021,Jönköping,12155,"0,042620",Färdigvaccinerade
07,2021,Kronoberg,9279,"0,058670",Minst 1 dos
07,2021,Kronoberg,4999,"0,031608",Färdigvaccinerade
07,2021,Kalmar,16804,"0,085178",Minst 1 dos
07,2021,Kalmar,7948,"0,040288",Färdigvaccinerade
07,2021,Gotland,5309,"0,108254",Minst 1 dos
07,2021,Gotland,2321,"0,047327",Färdigvaccinerade
07,2021,Blekinge,10608,"0,083586",Minst 1 dos
07,2021,Blekinge,5110,"0,040264",Färdigvaccinerade
07,2021,Skåne,55693,"0,051112",Minst 1 dos
07,2021,Skåne,27833,"0,025544",Färdigvaccinerade
07,2021,Halland,19253,"0,073007",Minst 1 dos
07,2021,Halland,9570,"0,036289",Färdigvaccinerade
07,2021,Västra Götaland,69257,"0,050511",Minst 1 dos
07,2021,Västra Götaland,34245,"0,024976",Färdigvaccinerade
07,2021,Värmland,16941,"0,074383",Minst 1 dos
07,2021,Värmland,7570,"0,033238",Färdigvaccinerade
07,2021,Örebro,17232,"0,071332",Minst 1 dos
07,2021,Örebro,9534,"0,039466",Färdigvaccinerade
07,2021,Västmanland,14384,"0,065745",Minst 1 dos
07,2021,Västmanland,9126,"0,041712",Färdigvaccinerade
07,2021,Dalarna,14078,"0,061422",Minst 1 dos
07,2021,Dalarna,9837,"0,042918",Färdigvaccinerade
07,2021,Gävleborg,18358,"0,079832",Minst 1 dos
07,2021,Gävleborg,8405,"0,036550",Färdigvaccinerade
07,2021,Västernorrland,11228,"0,057428",Minst 1 dos
07,2021,Västernorrland,6649,"0,034008",Färdigvaccinerade
07,2021,Jämtland,6974,"0,066693",Minst 1 dos
07,2021,Jämtland,3138,"0,030009",Färdigvaccinerade
07,2021,Västerbotten,12001,"0,054930",Minst 1 dos
07,2021,Västerbotten,5044,"0,023087",Färdigvaccinerade
07,2021,Norrbotten,13621,"0,066988",Minst 1 dos
07,2021,Norrbotten,8511,"0,041857",Färdigvaccinerade
08,2021,| Sverige |,551862,"0,067383",Minst 1 dos
08,2021,| Sverige |,293337,"0,035817",Färdigvaccinerade
08,2021,Stockholm,84185,"0,045041",Minst 1 dos
08,2021,Stockholm,45128,"0,024145",Färdigvaccinerade
08,2021,Uppsala,20440,"0,066727",Minst 1 dos
08,2021,Uppsala,10362,"0,033827",Färdigvaccinerade
08,2021,Södermanland,21056,"0,089949",Minst 1 dos
08,2021,Södermanland,11315,"0,048336",Färdigvaccinerade
08,2021,Östergötland,29240,"0,078984",Minst 1 dos
08,2021,Östergötland,15741,"0,042520",Färdigvaccinerade
08,2021,Jönköping,24836,"0,087085",Minst 1 dos
08,2021,Jönköping,12800,"0,044882",Färdigvaccinerade
08,2021,Kronoberg,10816,"0,068389",Minst 1 dos
08,2021,Kronoberg,6124,"0,038722",Färdigvaccinerade
08,2021,Kalmar,19196,"0,097303",Minst 1 dos
08,2021,Kalmar,11068,"0,056103",Färdigvaccinerade
08,2021,Gotland,5779,"0,117838",Minst 1 dos
08,2021,Gotland,4328,"0,088251",Färdigvaccinerade
08,2021,Blekinge,12123,"0,095524",Minst 1 dos
08,2021,Blekinge,6328,"0,049862",Färdigvaccinerade
08,2021,Skåne,65321,"0,059948",Minst 1 dos
08,2021,Skåne,37311,"0,034242",Färdigvaccinerade
08,2021,Halland,21931,"0,083161",Minst 1 dos
08,2021,Halland,11940,"0,045276",Färdigvaccinerade
08,2021,Västra Götaland,82054,"0,059845",Minst 1 dos
08,2021,Västra Götaland,41271,"0,030100",Färdigvaccinerade
08,2021,Värmland,19989,"0,087766",Minst 1 dos
08,2021,Värmland,11016,"0,048368",Färdigvaccinerade
08,2021,Örebro,22098,"0,091475",Minst 1 dos
08,2021,Örebro,10360,"0,042885",Färdigvaccinerade
08,2021,Västmanland,17739,"0,081080",Minst 1 dos
08,2021,Västmanland,9450,"0,043193",Färdigvaccinerade
08,2021,Dalarna,17828,"0,077783",Minst 1 dos
08,2021,Dalarna,9985,"0,043564",Färdigvaccinerade
08,2021,Gävleborg,22324,"0,097079",Minst 1 dos
08,2021,Gävleborg,10898,"0,047391",Färdigvaccinerade
08,2021,Västernorrland,14650,"0,074931",Minst 1 dos
08,2021,Västernorrland,8409,"0,043010",Färdigvaccinerade
08,2021,Jämtland,9120,"0,087215",Minst 1 dos
08,2021,Jämtland,3323,"0,031778",Färdigvaccinerade
08,2021,Västerbotten,14914,"0,068263",Minst 1 dos
08,2021,Västerbotten,7223,"0,033060",Färdigvaccinerade
08,2021,Norrbotten,16223,"0,079784",Minst 1 dos
08,2021,Norrbotten,8957,"0,044050",Färdigvaccinerade
09,2021,| Sverige |,697603,"0,085179",Minst 1 dos
09,2021,| Sverige |,329172,"0,040192",Färdigvaccinerade
09,2021,Stockholm,108278,"0,057931",Minst 1 dos
09,2021,Stockholm,48792,"0,026105",Färdigvaccinerade
09,2021,Uppsala,25653,"0,083745",Minst 1 dos
09,2021,Uppsala,12742,"0,041597",Färdigvaccinerade
09,2021,Södermanland,27600,"0,117904",Minst 1 dos
09,2021,Södermanland,11616,"0,049622",Färdigvaccinerade
09,2021,Östergötland,37978,"0,102588",Minst 1 dos
09,2021,Östergötland,16508,"0,044592",Färdigvaccinerade
09,2021,Jönköping,30631,"0,107405",Minst 1 dos
09,2021,Jönköping,13299,"0,046632",Färdigvaccinerade
09,2021,Kronoberg,14402,"0,091063",Minst 1 dos
09,2021,Kronoberg,6782,"0,042882",Färdigvaccinerade
09,2021,Kalmar,24492,"0,124148",Minst 1 dos
09,2021,Kalmar,13247,"0,067148",Färdigvaccinerade
09,2021,Gotland,6522,"0,132988",Minst 1 dos
09,2021,Gotland,4636,"0,094531",Färdigvaccinerade
09,2021,Blekinge,14367,"0,113205",Minst 1 dos
09,2021,Blekinge,7326,"0,057725",Färdigvaccinerade
09,2021,Skåne,81198,"0,074520",Minst 1 dos
09,2021,Skåne,43941,"0,040327",Färdigvaccinerade
09,2021,Halland,25750,"0,097643",Minst 1 dos
09,2021,Halland,14617,"0,055427",Färdigvaccinerade
09,2021,Västra Götaland,106930,"0,077988",Minst 1 dos
09,2021,Västra Götaland,45859,"0,033447",Färdigvaccinerade
09,2021,Värmland,26071,"0,114471",Minst 1 dos
09,2021,Värmland,12721,"0,055854",Färdigvaccinerade
09,2021,Örebro,26886,"0,111295",Minst 1 dos
09,2021,Örebro,11803,"0,048859",Färdigvaccinerade
09,2021,Västmanland,23330,"0,106634",Minst 1 dos
09,2021,Västmanland,9819,"0,044880",Färdigvaccinerade
09,2021,Dalarna,20994,"0,091596",Minst 1 dos
09,2021,Dalarna,10464,"0,045654",Färdigvaccinerade
09,2021,Gävleborg,26183,"0,113860",Minst 1 dos
09,2021,Gävleborg,12577,"0,054693",Färdigvaccinerade
09,2021,Västernorrland,19635,"0,100428",Minst 1 dos
09,2021,Västernorrland,8988,"0,045971",Färdigvaccinerade
09,2021,Jämtland,12005,"0,114805",Minst 1 dos
09,2021,Jämtland,4281,"0,040939",Färdigvaccinerade
09,2021,Västerbotten,19531,"0,089395",Minst 1 dos
09,2021,Västerbotten,8637,"0,039532",Färdigvaccinerade
09,2021,Norrbotten,19167,"0,094263",Minst 1 dos
09,2021,Norrbotten,10517,"0,051722",Färdigvaccinerade
10,2021,| Sverige |,874064,"0,106725",Minst 1 dos
10,2021,| Sverige |,368435,"0,044987",Färdigvaccinerade
10,2021,Stockholm,139100,"0,074422",Minst 1 dos
10,2021,Stockholm,54611,"0,029218",Färdigvaccinerade
10,2021,Uppsala,29237,"0,095446",Minst 1 dos
10,2021,Uppsala,15440,"0,050405",Färdigvaccinerade
10,2021,Södermanland,34067,"0,145530",Minst 1 dos
10,2021,Södermanland,13488,"0,057619",Färdigvaccinerade
10,2021,Östergötland,45847,"0,123844",Minst 1 dos
10,2021,Östergötland,19518,"0,052723",Färdigvaccinerade
10,2021,Jönköping,37298,"0,130782",Minst 1 dos
10,2021,Jönköping,15254,"0,053487",Färdigvaccinerade
10,2021,Kronoberg,16860,"0,106604",Minst 1 dos
10,2021,Kronoberg,7786,"0,049230",Färdigvaccinerade
10,2021,Kalmar,29933,"0,151729",Minst 1 dos
10,2021,Kalmar,13888,"0,070397",Färdigvaccinerade
10,2021,Gotland,8541,"0,174157",Minst 1 dos
10,2021,Gotland,4860,"0,099099",Färdigvaccinerade
10,2021,Blekinge,17509,"0,137963",Minst 1 dos
10,2021,Blekinge,8749,"0,068938",Färdigvaccinerade
10,2021,Skåne,105814,"0,097111",Minst 1 dos
10,2021,Skåne,47249,"0,043363",Färdigvaccinerade
10,2021,Halland,31737,"0,120345",Minst 1 dos
10,2021,Halland,16408,"0,062218",Färdigvaccinerade
10,2021,Västra Götaland,136090,"0,099255",Minst 1 dos
10,2021,Västra Götaland,49966,"0,036442",Färdigvaccinerade
10,2021,Värmland,31626,"0,138861",Minst 1 dos
10,2021,Värmland,13853,"0,060825",Färdigvaccinerade
10,2021,Örebro,32285,"0,133644",Minst 1 dos
10,2021,Örebro,13815,"0,057187",Färdigvaccinerade
10,2021,Västmanland,28470,"0,130128",Minst 1 dos
10,2021,Västmanland,11392,"0,052069",Färdigvaccinerade
10,2021,Dalarna,27061,"0,118066",Minst 1 dos
10,2021,Dalarna,11453,"0,049969",Färdigvaccinerade
10,2021,Gävleborg,31205,"0,135699",Minst 1 dos
10,2021,Gävleborg,14224,"0,061855",Färdigvaccinerade
10,2021,Västernorrland,25849,"0,132210",Minst 1 dos
10,2021,Västernorrland,9655,"0,049383",Färdigvaccinerade
10,2021,Jämtland,14736,"0,140921",Minst 1 dos
10,2021,Jämtland,5313,"0,050809",Färdigvaccinerade
10,2021,Västerbotten,26104,"0,119480",Minst 1 dos
10,2021,Västerbotten,9872,"0,045185",Färdigvaccinerade
10,2021,Norrbotten,24695,"0,121449",Minst 1 dos
10,2021,Norrbotten,11641,"0,057250",Färdigvaccinerade
11,2021,| Sverige |,991096,"0,121015",Minst 1 dos
11,2021,| Sverige |,423122,"0,051664",Färdigvaccinerade
11,2021,Stockholm,163169,"0,087299",Minst 1 dos
11,2021,Stockholm,69242,"0,037046",Färdigvaccinerade
11,2021,Uppsala,33125,"0,108138",Minst 1 dos
11,2021,Uppsala,17734,"0,057894",Färdigvaccinerade
11,2021,Södermanland,39521,"0,168829",Minst 1 dos
11,2021,Södermanland,15239,"0,065099",Färdigvaccinerade
11,2021,Östergötland,53047,"0,143292",Minst 1 dos
11,2021,Östergötland,22987,"0,062093",Färdigvaccinerade
11,2021,Jönköping,40476,"0,141925",Minst 1 dos
11,2021,Jönköping,18600,"0,065219",Färdigvaccinerade
11,2021,Kronoberg,19226,"0,121564",Minst 1 dos
11,2021,Kronoberg,8590,"0,054314",Färdigvaccinerade
11,2021,Kalmar,32918,"0,166859",Minst 1 dos
11,2021,Kalmar,15117,"0,076627",Färdigvaccinerade
11,2021,Gotland,9951,"0,202908",Minst 1 dos
11,2021,Gotland,5138,"0,104767",Färdigvaccinerade
11,2021,Blekinge,18690,"0,147269",Minst 1 dos
11,2021,Blekinge,10090,"0,079505",Färdigvaccinerade
11,2021,Skåne,123457,"0,113303",Minst 1 dos
11,2021,Skåne,50318,"0,046179",Färdigvaccinerade
11,2021,Halland,35510,"0,134652",Minst 1 dos
11,2021,Halland,18966,"0,071918",Färdigvaccinerade
11,2021,Västra Götaland,150886,"0,110046",Minst 1 dos
11,2021,Västra Götaland,55895,"0,040766",Färdigvaccinerade
11,2021,Värmland,35775,"0,157078",Minst 1 dos
11,2021,Värmland,15755,"0,069176",Färdigvaccinerade
11,2021,Örebro,34846,"0,144246",Minst 1 dos
11,2021,Örebro,15157,"0,062743",Färdigvaccinerade
11,2021,Västmanland,32668,"0,149316",Minst 1 dos
11,2021,Västmanland,13241,"0,060521",Färdigvaccinerade
11,2021,Dalarna,30614,"0,133568",Minst 1 dos
11,2021,Dalarna,13541,"0,059079",Färdigvaccinerade
11,2021,Gävleborg,35942,"0,156298",Minst 1 dos
11,2021,Gävleborg,16385,"0,071252",Färdigvaccinerade
11,2021,Västernorrland,29060,"0,148634",Minst 1 dos
11,2021,Västernorrland,11476,"0,058697",Färdigvaccinerade
11,2021,Jämtland,16559,"0,158355",Minst 1 dos
11,2021,Jämtland,6616,"0,063269",Färdigvaccinerade
11,2021,Västerbotten,29822,"0,136498",Minst 1 dos
11,2021,Västerbotten,10329,"0,047277",Färdigvaccinerade
11,2021,Norrbotten,25834,"0,127051",Minst 1 dos
11,2021,Norrbotten,12706,"0,062488",Färdigvaccinerade
12,2021,| Sverige |,1118927,"0,136623",Minst 1 dos
12,2021,| Sverige |,489683,"0,059791",Färdigvaccinerade
12,2021,Stockholm,189516,"0,101395",Minst 1 dos
12,2021,Stockholm,81776,"0,043752",Färdigvaccinerade
12,2021,Uppsala,37447,"0,122248",Minst 1 dos
12,2021,Uppsala,19920,"0,065030",Färdigvaccinerade
12,2021,Södermanland,43187,"0,184490",Minst 1 dos
12,2021,Södermanland,19177,"0,081922",Färdigvaccinerade
12,2021,Östergötland,59922,"0,161863",Minst 1 dos
12,2021,Östergötland,26894,"0,072647",Färdigvaccinerade
12,2021,Jönköping,42963,"0,150646",Minst 1 dos
12,2021,Jönköping,22231,"0,077951",Färdigvaccinerade
12,2021,Kronoberg,22207,"0,140413",Minst 1 dos
12,2021,Kronoberg,10302,"0,065139",Färdigvaccinerade
12,2021,Kalmar,38150,"0,193380",Minst 1 dos
12,2021,Kalmar,15868,"0,080434",Färdigvaccinerade
12,2021,Gotland,10341,"0,210860",Minst 1 dos
12,2021,Gotland,5210,"0,106235",Färdigvaccinerade
12,2021,Blekinge,20112,"0,158473",Minst 1 dos
12,2021,Blekinge,11139,"0,087770",Färdigvaccinerade
12,2021,Skåne,141119,"0,129512",Minst 1 dos
12,2021,Skåne,56358,"0,051723",Färdigvaccinerade
12,2021,Halland,42552,"0,161355",Minst 1 dos
12,2021,Halland,20500,"0,077735",Färdigvaccinerade
12,2021,Västra Götaland,169861,"0,123885",Minst 1 dos
12,2021,Västra Götaland,63979,"0,046662",Färdigvaccinerade
12,2021,Värmland,40770,"0,179010",Minst 1 dos
12,2021,Värmland,18577,"0,081566",Färdigvaccinerade
12,2021,Örebro,38923,"0,161122",Minst 1 dos
12,2021,Örebro,17444,"0,072210",Färdigvaccinerade
12,2021,Västmanland,35906,"0,164115",Minst 1 dos
12,2021,Västmanland,16253,"0,074288",Färdigvaccinerade
12,2021,Dalarna,34142,"0,148960",Minst 1 dos
12,2021,Dalarna,15717,"0,068573",Färdigvaccinerade
12,2021,Gävleborg,41375,"0,179924",Minst 1 dos
12,2021,Gävleborg,19244,"0,083685",Färdigvaccinerade
12,2021,Västernorrland,29915,"0,153007",Minst 1 dos
12,2021,Västernorrland,14118,"0,072210",Färdigvaccinerade
12,2021,Jämtland,17960,"0,171753",Minst 1 dos
12,2021,Jämtland,7988,"0,076390",Färdigvaccinerade
12,2021,Västerbotten,32743,"0,149867",Minst 1 dos
12,2021,Västerbotten,13449,"0,061557",Färdigvaccinerade
12,2021,Norrbotten,29816,"0,146634",Minst 1 dos
12,2021,Norrbotten,13539,"0,066584",Färdigvaccinerade
13,2021,| Sverige |,1296495,"0,158304",Minst 1 dos
13,2021,| Sverige |,550273,"0,067189",Färdigvaccinerade
13,2021,Stockholm,219963,"0,117685",Minst 1 dos
13,2021,Stockholm,92122,"0,049287",Färdigvaccinerade
13,2021,Uppsala,41045,"0,133993",Minst 1 dos
13,2021,Uppsala,20918,"0,068288",Färdigvaccinerade
13,2021,Södermanland,48117,"0,205550",Minst 1 dos
13,2021,Södermanland,21559,"0,092097",Färdigvaccinerade
13,2021,Östergötland,68925,"0,186183",Minst 1 dos
13,2021,Östergötland,27931,"0,075448",Färdigvaccinerade
13,2021,Jönköping,52485,"0,184034",Minst 1 dos
13,2021,Jönköping,23337,"0,081829",Färdigvaccinerade
13,2021,Kronoberg,25801,"0,163137",Minst 1 dos
13,2021,Kronoberg,11006,"0,069590",Färdigvaccinerade
13,2021,Kalmar,42938,"0,217650",Minst 1 dos
13,2021,Kalmar,17429,"0,088347",Färdigvaccinerade
13,2021,Gotland,10793,"0,220077",Minst 1 dos
13,2021,Gotland,5236,"0,106766",Färdigvaccinerade
13,2021,Blekinge,23124,"0,182206",Minst 1 dos
13,2021,Blekinge,12140,"0,095658",Färdigvaccinerade
13,2021,Skåne,162451,"0,149090",Minst 1 dos
13,2021,Skåne,64610,"0,059296",Färdigvaccinerade
13,2021,Halland,47075,"0,178506",Minst 1 dos
13,2021,Halland,23760,"0,090097",Färdigvaccinerade
13,2021,Västra Götaland,194077,"0,141547",Minst 1 dos
13,2021,Västra Götaland,75983,"0,055417",Färdigvaccinerade
13,2021,Värmland,51193,"0,224774",Minst 1 dos
13,2021,Värmland,21236,"0,093241",Färdigvaccinerade
13,2021,Örebro,46496,"0,192471",Minst 1 dos
13,2021,Örebro,19985,"0,082728",Färdigvaccinerade
13,2021,Västmanland,41873,"0,191389",Minst 1 dos
13,2021,Västmanland,19541,"0,089316",Färdigvaccinerade
13,2021,Dalarna,43129,"0,188170",Minst 1 dos
13,2021,Dalarna,16044,"0,069999",Färdigvaccinerade
13,2021,Gävleborg,48192,"0,209569",Minst 1 dos
13,2021,Gävleborg,21787,"0,094743",Färdigvaccinerade
13,2021,Västernorrland,33036,"0,168970",Minst 1 dos
13,2021,Västernorrland,17358,"0,088781",Färdigvaccinerade
13,2021,Jämtland,21111,"0,201886",Minst 1 dos
13,2021,Jämtland,8037,"0,076858",Färdigvaccinerade
13,2021,Västerbotten,38387,"0,175700",Minst 1 dos
13,2021,Västerbotten,13828,"0,063292",Färdigvaccinerade
13,2021,Norrbotten,36284,"0,178444",Minst 1 dos
13,2021,Norrbotten,16426,"0,080783",Färdigvaccinerade
14,2021,| Sverige |,1533733,"0,187271",Minst 1 dos
14,2021,| Sverige |,634794,"0,077509",Färdigvaccinerade
14,2021,Stockholm,251568,"0,134595",Minst 1 dos
14,2021,Stockholm,106084,"0,056757",Färdigvaccinerade
14,2021,Uppsala,52455,"0,171242",Minst 1 dos
14,2021,Uppsala,21495,"0,070171",Färdigvaccinerade
14,2021,Södermanland,58088,"0,248145",Minst 1 dos
14,2021,Södermanland,24651,"0,105306",Färdigvaccinerade
14,2021,Östergötland,84317,"0,227760",Minst 1 dos
14,2021,Östergötland,29732,"0,080313",Färdigvaccinerade
14,2021,Jönköping,67417,"0,236392",Minst 1 dos
14,2021,Jönköping,23802,"0,083460",Färdigvaccinerade
14,2021,Kronoberg,32273,"0,204059",Minst 1 dos
14,2021,Kronoberg,12803,"0,080952",Färdigvaccinerade
14,2021,Kalmar,49525,"0,251039",Minst 1 dos
14,2021,Kalmar,21428,"0,108617",Färdigvaccinerade
14,2021,Gotland,13103,"0,267179",Minst 1 dos
14,2021,Gotland,5317,"0,108417",Färdigvaccinerade
14,2021,Blekinge,27888,"0,219745",Minst 1 dos
14,2021,Blekinge,13106,"0,103269",Färdigvaccinerade
14,2021,Skåne,189145,"0,173588",Minst 1 dos
14,2021,Skåne,79258,"0,072739",Färdigvaccinerade
14,2021,Halland,57106,"0,216544",Minst 1 dos
14,2021,Halland,27470,"0,104165",Färdigvaccinerade
14,2021,Västra Götaland,223368,"0,162910",Minst 1 dos
14,2021,Västra Götaland,94822,"0,069157",Färdigvaccinerade
14,2021,Värmland,62767,"0,275592",Minst 1 dos
14,2021,Värmland,24643,"0,108201",Färdigvaccinerade
14,2021,Örebro,54574,"0,225910",Minst 1 dos
14,2021,Örebro,22379,"0,092638",Färdigvaccinerade
14,2021,Västmanland,45266,"0,206897",Minst 1 dos
14,2021,Västmanland,23017,"0,105204",Färdigvaccinerade
14,2021,Dalarna,55773,"0,243336",Minst 1 dos
14,2021,Dalarna,16257,"0,070929",Färdigvaccinerade
14,2021,Gävleborg,56037,"0,243684",Minst 1 dos
14,2021,Gävleborg,25706,"0,111786",Färdigvaccinerade
14,2021,Västernorrland,40978,"0,209591",Minst 1 dos
14,2021,Västernorrland,19963,"0,102105",Färdigvaccinerade
14,2021,Jämtland,24393,"0,233272",Minst 1 dos
14,2021,Jämtland,8231,"0,078714",Färdigvaccinerade
14,2021,Västerbotten,43746,"0,200229",Minst 1 dos
14,2021,Västerbotten,17703,"0,081028",Färdigvaccinerade
14,2021,Norrbotten,43946,"0,216125",Minst 1 dos
14,2021,Norrbotten,16927,"0,083246",Färdigvaccinerade
15,2021,| Sverige |,1940387,"0,236925",Minst 1 dos
15,2021,| Sverige |,697388,"0,085152",Färdigvaccinerade
15,2021,Stockholm,327067,"0,174988",Minst 1 dos
15,2021,Stockholm,114938,"0,061494",Färdigvaccinerade
15,2021,Uppsala,64065,"0,209143",Minst 1 dos
15,2021,Uppsala,24867,"0,081180",Färdigvaccinerade
15,2021,Södermanland,68744,"0,293666",Minst 1 dos
15,2021,Södermanland,26238,"0,112086",Färdigvaccinerade
15,2021,Östergötland,106167,"0,286782",Minst 1 dos
15,2021,Östergötland,32332,"0,087336",Färdigvaccinerade
15,2021,Jönköping,83678,"0,293409",Minst 1 dos
15,2021,Jönköping,25022,"0,087737",Färdigvaccinerade
15,2021,Kronoberg,43534,"0,275262",Minst 1 dos
15,2021,Kronoberg,13537,"0,085593",Färdigvaccinerade
15,2021,Kalmar,62846,"0,318562",Minst 1 dos
15,2021,Kalmar,24376,"0,123560",Färdigvaccinerade
15,2021,Gotland,15278,"0,311529",Minst 1 dos
15,2021,Gotland,5385,"0,109804",Färdigvaccinerade
15,2021,Blekinge,35019,"0,275934",Minst 1 dos
15,2021,Blekinge,13314,"0,104908",Färdigvaccinerade
15,2021,Skåne,236075,"0,216658",Minst 1 dos
15,2021,Skåne,95295,"0,087457",Färdigvaccinerade
15,2021,Halland,71671,"0,271773",Minst 1 dos
15,2021,Halland,27884,"0,105735",Färdigvaccinerade
15,2021,Västra Götaland,282463,"0,206010",Minst 1 dos
15,2021,Västra Götaland,107129,"0,078133",Färdigvaccinerade
15,2021,Värmland,77482,"0,340202",Minst 1 dos
15,2021,Värmland,25181,"0,110563",Färdigvaccinerade
15,2021,Örebro,64494,"0,266974",Minst 1 dos
15,2021,Örebro,24405,"0,101025",Färdigvaccinerade
15,2021,Västmanland,60324,"0,275723",Minst 1 dos
15,2021,Västmanland,23408,"0,106991",Färdigvaccinerade
15,2021,Dalarna,71776,"0,313156",Minst 1 dos
15,2021,Dalarna,16556,"0,072233",Färdigvaccinerade
15,2021,Gävleborg,68577,"0,298215",Minst 1 dos
15,2021,Gävleborg,29193,"0,126949",Färdigvaccinerade
15,2021,Västernorrland,56574,"0,289360",Minst 1 dos
15,2021,Västernorrland,20904,"0,106918",Färdigvaccinerade
15,2021,Jämtland,31878,"0,304851",Minst 1 dos
15,2021,Jämtland,8370,"0,080043",Färdigvaccinerade
15,2021,Västerbotten,55557,"0,254289",Minst 1 dos
15,2021,Västerbotten,21223,"0,097139",Färdigvaccinerade
15,2021,Norrbotten,57118,"0,280905",Minst 1 dos
15,2021,Norrbotten,17831,"0,087692",Färdigvaccinerade
16,2021,| Sverige |,2315565,"0,282734",Minst 1 dos
16,2021,| Sverige |,733786,"0,089597",Färdigvaccinerade
16,2021,Stockholm,395955,"0,211845",Minst 1 dos
16,2021,Stockholm,119977,"0,064190",Färdigvaccinerade
16,2021,Uppsala,75117,"0,245223",Minst 1 dos
16,2021,Uppsala,28901,"0,094349",Färdigvaccinerade
16,2021,Södermanland,78615,"0,335834",Minst 1 dos
16,2021,Södermanland,27186,"0,116135",Färdigvaccinerade
16,2021,Östergötland,124186,"0,335456",Minst 1 dos
16,2021,Östergötland,35970,"0,097163",Färdigvaccinerade
16,2021,Jönköping,94532,"0,331468",Minst 1 dos
16,2021,Jönköping,27631,"0,096886",Färdigvaccinerade
16,2021,Kronoberg,51192,"0,323682",Minst 1 dos
16,2021,Kronoberg,13887,"0,087806",Färdigvaccinerade
16,2021,Kalmar,76549,"0,388022",Minst 1 dos
16,2021,Kalmar,24905,"0,126242",Färdigvaccinerade
16,2021,Gotland,16514,"0,336732",Minst 1 dos
16,2021,Gotland,6735,"0,137331",Färdigvaccinerade
16,2021,Blekinge,41854,"0,329790",Minst 1 dos
16,2021,Blekinge,13607,"0,107217",Färdigvaccinerade
16,2021,Skåne,290761,"0,266846",Minst 1 dos
16,2021,Skåne,97702,"0,089666",Färdigvaccinerade
16,2021,Halland,84564,"0,320663",Minst 1 dos
16,2021,Halland,28110,"0,106592",Färdigvaccinerade
16,2021,Västra Götaland,339793,"0,247822",Minst 1 dos
16,2021,Västra Götaland,109836,"0,080107",Färdigvaccinerade
16,2021,Värmland,89317,"0,392166",Minst 1 dos
16,2021,Värmland,25338,"0,111252",Färdigvaccinerade
16,2021,Örebro,77001,"0,318747",Minst 1 dos
16,2021,Örebro,27532,"0,113969",Färdigvaccinerade
16,2021,Västmanland,73081,"0,334031",Minst 1 dos
16,2021,Västmanland,23790,"0,108737",Färdigvaccinerade
16,2021,Dalarna,84332,"0,367937",Minst 1 dos
16,2021,Dalarna,18992,"0,082861",Färdigvaccinerade
16,2021,Gävleborg,79847,"0,347224",Minst 1 dos
16,2021,Gävleborg,32122,"0,139686",Färdigvaccinerade
16,2021,Västernorrland,68671,"0,351233",Minst 1 dos
16,2021,Västernorrland,21146,"0,108156",Färdigvaccinerade
16,2021,Jämtland,36019,"0,344452",Minst 1 dos
16,2021,Jämtland,10237,"0,097897",Färdigvaccinerade
16,2021,Västerbotten,67148,"0,307342",Minst 1 dos
16,2021,Västerbotten,22225,"0,101726",Färdigvaccinerade
16,2021,Norrbotten,70517,"0,346800",Minst 1 dos
16,2021,Norrbotten,17957,"0,088312",Färdigvaccinerade
17,2021,| Sverige |,2700117,"0,329689",Minst 1 dos
17,2021,| Sverige |,772112,"0,094276",Färdigvaccinerade
17,2021,Stockholm,504153,"0,269733",Minst 1 dos
17,2021,Stockholm,133283,"0,071309",Färdigvaccinerade
17,2021,Uppsala,93188,"0,304217",Minst 1 dos
17,2021,Uppsala,29216,"0,095377",Färdigvaccinerade
17,2021,Södermanland,91646,"0,391501",Minst 1 dos
17,2021,Södermanland,30074,"0,128473",Färdigvaccinerade
17,2021,Östergötland,141978,"0,383516",Minst 1 dos
17,2021,Östergötland,40309,"0,108884",Färdigvaccinerade
17,2021,Jönköping,108074,"0,378952",Minst 1 dos
17,2021,Jönköping,30603,"0,107307",Färdigvaccinerade
17,2021,Kronoberg,57162,"0,361430",Minst 1 dos
17,2021,Kronoberg,14144,"0,089431",Färdigvaccinerade
17,2021,Kalmar,86847,"0,440222",Minst 1 dos
17,2021,Kalmar,25266,"0,128072",Färdigvaccinerade
17,2021,Gotland,17559,"0,358040",Minst 1 dos
17,2021,Gotland,7901,"0,161107",Färdigvaccinerade
17,2021,Blekinge,46737,"0,368266",Minst 1 dos
17,2021,Blekinge,13761,"0,108430",Färdigvaccinerade
17,2021,Skåne,337261,"0,309522",Minst 1 dos
17,2021,Skåne,98978,"0,090837",Färdigvaccinerade
17,2021,Halland,93532,"0,354669",Minst 1 dos
17,2021,Halland,28251,"0,107127",Färdigvaccinerade
17,2021,Västra Götaland,388008,"0,282987",Minst 1 dos
17,2021,Västra Götaland,111408,"0,081254",Färdigvaccinerade
17,2021,Värmland,100498,"0,441259",Minst 1 dos
17,2021,Värmland,25675,"0,112732",Färdigvaccinerade
17,2021,Örebro,85325,"0,353204",Minst 1 dos
17,2021,Örebro,30050,"0,124393",Färdigvaccinerade
17,2021,Västmanland,83922,"0,383582",Minst 1 dos
17,2021,Västmanland,23941,"0,109427",Färdigvaccinerade
17,2021,Dalarna,94296,"0,411410",Minst 1 dos
17,2021,Dalarna,22216,"0,096928",Färdigvaccinerade
17,2021,Gävleborg,93034,"0,404570",Minst 1 dos
17,2021,Gävleborg,32814,"0,142696",Färdigvaccinerade
17,2021,Västernorrland,78180,"0,399869",Minst 1 dos
17,2021,Västernorrland,21448,"0,109701",Färdigvaccinerade
17,2021,Jämtland,40368,"0,386042",Minst 1 dos
17,2021,Jämtland,11769,"0,112548",Färdigvaccinerade
17,2021,Västerbotten,77995,"0,356989",Minst 1 dos
17,2021,Västerbotten,22853,"0,104600",Färdigvaccinerade
17,2021,Norrbotten,80354,"0,395178",Minst 1 dos
17,2021,Norrbotten,18152,"0,089271",Färdigvaccinerade
18,2021,| Sverige |,3036450,"0,370756",Minst 1 dos
18,2021,| Sverige |,888137,"0,108443",Färdigvaccinerade
18,2021,Stockholm,582633,"0,311722",Minst 1 dos
18,2021,Stockholm,153771,"0,082271",Färdigvaccinerade
18,2021,Uppsala,107589,"0,351230",Minst 1 dos
18,2021,Uppsala,29707,"0,096980",Färdigvaccinerade
18,2021,Södermanland,99294,"0,424172",Minst 1 dos
18,2021,Södermanland,32855,"0,140353",Färdigvaccinerade
18,2021,Östergötland,157062,"0,424261",Minst 1 dos
18,2021,Östergötland,48216,"0,130243",Färdigvaccinerade
18,2021,Jönköping,117818,"0,413118",Minst 1 dos
18,2021,Jönköping,33658,"0,118019",Färdigvaccinerade
18,2021,Kronoberg,62521,"0,395315",Minst 1 dos
18,2021,Kronoberg,17195,"0,108722",Färdigvaccinerade
18,2021,Kalmar,95182,"0,482472",Minst 1 dos
18,2021,Kalmar,30322,"0,153700",Färdigvaccinerade
18,2021,Gotland,19201,"0,391522",Minst 1 dos
18,2021,Gotland,8459,"0,172485",Färdigvaccinerade
18,2021,Blekinge,51507,"0,405851",Minst 1 dos
18,2021,Blekinge,14857,"0,117066",Färdigvaccinerade
18,2021,Skåne,374352,"0,343562",Minst 1 dos
18,2021,Skåne,113035,"0,103738",Färdigvaccinerade
18,2021,Halland,101365,"0,384372",Minst 1 dos
18,2021,Halland,35370,"0,134122",Färdigvaccinerade
18,2021,Västra Götaland,449566,"0,327884",Minst 1 dos
18,2021,Västra Götaland,133204,"0,097150",Färdigvaccinerade
18,2021,Värmland,108557,"0,476644",Minst 1 dos
18,2021,Värmland,30597,"0,134343",Färdigvaccinerade
18,2021,Örebro,97187,"0,402307",Minst 1 dos
18,2021,Örebro,32719,"0,135441",Färdigvaccinerade
18,2021,Västmanland,95343,"0,435784",Minst 1 dos
18,2021,Västmanland,27434,"0,125393",Färdigvaccinerade
18,2021,Dalarna,104702,"0,456811",Minst 1 dos
18,2021,Dalarna,26167,"0,114166",Färdigvaccinerade
18,2021,Gävleborg,105093,"0,457010",Minst 1 dos
18,2021,Gävleborg,34272,"0,149036",Färdigvaccinerade
18,2021,Västernorrland,88638,"0,453359",Minst 1 dos
18,2021,Västernorrland,22361,"0,114370",Färdigvaccinerade
18,2021,Jämtland,45932,"0,439251",Minst 1 dos
18,2021,Jämtland,14188,"0,135681",Färdigvaccinerade
18,2021,Västerbotten,85476,"0,391230",Minst 1 dos
18,2021,Västerbotten,27441,"0,125600",Färdigvaccinerade
18,2021,Norrbotten,87432,"0,429988",Minst 1 dos
18,2021,Norrbotten,22309,"0,109715",Färdigvaccinerade
19, 2021, | Sverige |, 3321495, "0,405560", Minst 1 dos
19, 2021, | Sverige |, 1024354, "0,125075", Färdigvaccinerade
19, 2021, Stockholm, 661230, "0,353773", Minst 1 dos
19, 2021, Stockholm, 177313, "0,094867", Färdigvaccinerade
19, 2021, Uppsala, 120564, "0,393587", Minst 1 dos
19, 2021, Uppsala, 33493, "0,109340", Färdigvaccinerade
19, 2021, Södermanland, 107778, "0,460415", Minst 1 dos
19, 2021, Södermanland, 35165, "0,150221", Färdigvaccinerade
19, 2021, Östergötland, 166595, "0,450012", Minst 1 dos
19, 2021, Östergötland, 58561, "0,158187", Färdigvaccinerade
19, 2021, Jönköping, 123807, "0,434118", Minst 1 dos
19, 2021, Jönköping, 42755, "0,149917", Färdigvaccinerade
19, 2021, Kronoberg, 67619, "0,427549", Minst 1 dos
19, 2021, Kronoberg, 20418, "0,129101", Färdigvaccinerade
19, 2021, Kalmar, 99711, "0,505429", Minst 1 dos
19, 2021, Kalmar, 36102, "0,182999", Färdigvaccinerade
19, 2021, Gotland, 20567, "0,419375", Minst 1 dos
19, 2021, Gotland, 9257, "0,188757", Färdigvaccinerade
19, 2021, Blekinge, 56402, "0,444422", Minst 1 dos
19, 2021, Blekinge, 17536, "0,138176", Färdigvaccinerade
19, 2021, Skåne, 398113, "0,365369", Minst 1 dos
19, 2021, Skåne, 126523, "0,116117", Färdigvaccinerade
19, 2021, Halland, 110542, "0,419171", Minst 1 dos
19, 2021, Halland, 37557, "0,142415", Färdigvaccinerade
19, 2021, Västra Götaland, 508892, "0,371152", Minst 1 dos
19, 2021, Västra Götaland, 149591, "0,109102", Färdigvaccinerade
19, 2021, Värmland, 114316, "0,501930", Minst 1 dos
19, 2021, Värmland, 36439, "0,159994", Färdigvaccinerade
19, 2021, Örebro, 105218, "0,435552", Minst 1 dos
19, 2021, Örebro, 39039, "0,161603", Färdigvaccinerade
19, 2021, Västmanland, 103792, "0,474402", Minst 1 dos
19, 2021, Västmanland, 31307, "0,143095", Färdigvaccinerade
19, 2021, Dalarna, 110677, "0,482880", Minst 1 dos
19, 2021, Dalarna, 34784, "0,151761", Färdigvaccinerade
19, 2021, Gävleborg, 116173, "0,505192", Minst 1 dos
19, 2021, Gävleborg, 36774, "0,159916", Färdigvaccinerade
19, 2021, Västernorrland, 94359, "0,482620", Minst 1 dos
19, 2021, Västernorrland, 26156, "0,133781", Färdigvaccinerade
19, 2021, Jämtland, 49018, "0,468762", Minst 1 dos
19, 2021, Jämtland, 16963, "0,162218", Färdigvaccinerade
19, 2021, Västerbotten, 93984, "0,430172", Minst 1 dos
19, 2021, Västerbotten, 30340, "0,138869", Färdigvaccinerade
19, 2021, Norrbotten, 92138, "0,453132", Minst 1 dos
19, 2021, Norrbotten, 28281, "0,139085", Färdigvaccinerade
20, 2021, | Sverige |, 3589394, "0,438271", Minst 1 dos
20, 2021, | Sverige |, 1240148, "0,151424", Färdigvaccinerade
20, 2021, Stockholm, 744000, "0,398057", Minst 1 dos
20, 2021, Stockholm, 209974, "0,112341", Färdigvaccinerade
20, 2021, Uppsala, 129423, "0,422508", Minst 1 dos
20, 2021, Uppsala, 42505, "0,138760", Färdigvaccinerade
20, 2021, Södermanland, 113271, "0,483880", Minst 1 dos
20, 2021, Södermanland, 45902, "0,196088", Färdigvaccinerade
20, 2021, Östergötland, 175403, "0,473805", Minst 1 dos
20, 2021, Östergötland, 72840, "0,196758", Färdigvaccinerade
20, 2021, Jönköping, 126591, "0,443880", Minst 1 dos
20, 2021, Jönköping, 56929, "0,199616", Färdigvaccinerade
20, 2021, Kronoberg, 71999, "0,455243", Minst 1 dos
20, 2021, Kronoberg, 25050, "0,158389", Färdigvaccinerade
20, 2021, Kalmar, 103377, "0,524012", Minst 1 dos
20, 2021, Kalmar, 43880, "0,222425", Färdigvaccinerade
20, 2021, Gotland, 22141, "0,451470", Minst 1 dos
20, 2021, Gotland, 11009, "0,224481", Färdigvaccinerade
20, 2021, Blekinge, 60995, "0,480612", Minst 1 dos
20, 2021, Blekinge, 23121, "0,182183", Färdigvaccinerade
20, 2021, Skåne, 440665, "0,404421", Minst 1 dos
20, 2021, Skåne, 151434, "0,138979", Färdigvaccinerade
20, 2021, Halland, 117792, "0,446662", Minst 1 dos
20, 2021, Halland, 46328, "0,175674", Färdigvaccinerade
20, 2021, Västra Götaland, 559825, "0,408299", Minst 1 dos
20, 2021, Västra Götaland, 169133, "0,123354", Färdigvaccinerade
20, 2021, Värmland, 116406, "0,511106", Minst 1 dos
20, 2021, Värmland, 49625, "0,217890", Färdigvaccinerade
20, 2021, Örebro, 112728, "0,466640", Minst 1 dos
20, 2021, Örebro, 45253, "0,187326", Färdigvaccinerade
20, 2021, Västmanland, 108617, "0,496455", Minst 1 dos
20, 2021, Västmanland, 34430, "0,157369", Färdigvaccinerade
20, 2021, Dalarna, 115184, "0,502544", Minst 1 dos
20, 2021, Dalarna, 45710, "0,199431", Färdigvaccinerade
20, 2021, Gävleborg, 123224, "0,535854", Minst 1 dos
20, 2021, Gävleborg, 43855, "0,190709", Färdigvaccinerade
20, 2021, Västernorrland, 96554, "0,493847", Minst 1 dos
20, 2021, Västernorrland, 32646, "0,166975", Färdigvaccinerade
20, 2021, Jämtland, 52072, "0,497968", Minst 1 dos
20, 2021, Jämtland, 20504, "0,196081", Färdigvaccinerade
20, 2021, Västerbotten, 101076, "0,462633", Minst 1 dos
20, 2021, Västerbotten, 34522, "0,158010", Färdigvaccinerade
20, 2021, Norrbotten, 98051, "0,482212", Minst 1 dos
20, 2021, Norrbotten, 35498, "0,174578", Färdigvaccinerade
21, 2021, | Sverige |, 3744353, "0,457192", Minst 1 dos
21, 2021, | Sverige |, 1516321, "0,185145", Färdigvaccinerade
21, 2021, Stockholm, 796414, "0,426100", Minst 1 dos
21, 2021, Stockholm, 258949, "0,138544", Färdigvaccinerade
21, 2021, Uppsala, 138324, "0,451566", Minst 1 dos
21, 2021, Uppsala, 51224, "0,167223", Färdigvaccinerade
21, 2021, Södermanland, 119305, "0,509657", Minst 1 dos
21, 2021, Södermanland, 56294, "0,240481", Färdigvaccinerade
21, 2021, Östergötland, 182659, "0,493405", Minst 1 dos
21, 2021, Östergötland, 85199, "0,230143", Färdigvaccinerade
21, 2021, Jönköping, 130464, "0,457460", Minst 1 dos
21, 2021, Jönköping, 69099, "0,242289", Färdigvaccinerade
21, 2021, Kronoberg, 73633, "0,465575", Minst 1 dos
21, 2021, Kronoberg, 31899, "0,201695", Färdigvaccinerade
21, 2021, Kalmar, 106196, "0,538301", Minst 1 dos
21, 2021, Kalmar, 50875, "0,257882", Färdigvaccinerade
21, 2021, Gotland, 22947, "0,467905", Minst 1 dos
21, 2021, Gotland, 12664, "0,258228", Färdigvaccinerade
21, 2021, Blekinge, 66004, "0,520081", Minst 1 dos
21, 2021, Blekinge, 28701, "0,226151", Färdigvaccinerade
21, 2021, Skåne, 455885, "0,418389", Minst 1 dos
21, 2021, Skåne, 180001, "0,165196", Färdigvaccinerade
21, 2021, Halland, 124946, "0,473790", Minst 1 dos
21, 2021, Halland, 56753, "0,215205", Färdigvaccinerade
21, 2021, Västra Götaland, 577687, "0,421326", Minst 1 dos
21, 2021, Västra Götaland, 213666, "0,155834", Färdigvaccinerade
21, 2021, Värmland, 119643, "0,525319", Minst 1 dos
21, 2021, Värmland, 57712, "0,253397", Färdigvaccinerade
21, 2021, Örebro, 119784, "0,495848", Minst 1 dos
21, 2021, Örebro, 53466, "0,221323", Färdigvaccinerade
21, 2021, Västmanland, 109960, "0,502594", Minst 1 dos
21, 2021, Västmanland, 45775, "0,209224", Färdigvaccinerade
21, 2021, Dalarna, 119662, "0,522081", Minst 1 dos
21, 2021, Dalarna, 55356, "0,241516", Färdigvaccinerade
21, 2021, Gävleborg, 125778, "0,546961", Minst 1 dos
21, 2021, Gävleborg, 53607, "0,233116", Färdigvaccinerade
21, 2021, Västernorrland, 98521, "0,503908", Minst 1 dos
21, 2021, Västernorrland, 43169, "0,220797", Färdigvaccinerade
21, 2021, Jämtland, 52925, "0,506125", Minst 1 dos
21, 2021, Jämtland, 26022, "0,248850", Färdigvaccinerade
21, 2021, Västerbotten, 104937, "0,480305", Minst 1 dos
21, 2021, Västerbotten, 41107, "0,188150", Färdigvaccinerade
21, 2021, Norrbotten, 98679, "0,485300", Minst 1 dos
21, 2021, Norrbotten, 44783, "0,220241", Färdigvaccinerade
22, 2021, | Sverige |, 3966898, "0,484365", Minst 1 dos
22, 2021, | Sverige |, 1877844, "0,229288", Färdigvaccinerade
22, 2021, Stockholm, 856537, "0,458267", Minst 1 dos
22, 2021, Stockholm, 332402, "0,177843", Färdigvaccinerade
22, 2021, Uppsala, 160634, "0,524398", Minst 1 dos
22, 2021, Uppsala, 61208, "0,199817", Färdigvaccinerade
22, 2021, Södermanland, 126935, "0,542251", Minst 1 dos
22, 2021, Södermanland, 68560, "0,292880", Färdigvaccinerade
22, 2021, Östergötland, 191771, "0,518019", Minst 1 dos
22, 2021, Östergötland, 104539, "0,282384", Färdigvaccinerade
22, 2021, Jönköping, 140228, "0,491697", Minst 1 dos
22, 2021, Jönköping, 79585, "0,279058", Färdigvaccinerade
22, 2021, Kronoberg, 75198, "0,475470", Minst 1 dos
22, 2021, Kronoberg, 39383, "0,249015", Färdigvaccinerade
22, 2021, Kalmar, 110359, "0,559403", Minst 1 dos
22, 2021, Kalmar, 63145, "0,320078", Färdigvaccinerade
22, 2021, Gotland, 24718, "0,504017", Minst 1 dos
22, 2021, Gotland, 13351, "0,272236", Färdigvaccinerade
22, 2021, Blekinge, 70637, "0,556587", Minst 1 dos
22, 2021, Blekinge, 32765, "0,258173", Färdigvaccinerade
22, 2021, Skåne, 483632, "0,443854", Minst 1 dos
22, 2021, Skåne, 223620, "0,205228", Färdigvaccinerade
22, 2021, Halland, 132989, "0,504289", Minst 1 dos
22, 2021, Halland, 68062, "0,258088", Färdigvaccinerade
22, 2021, Västra Götaland, 599697, "0,437379", Minst 1 dos
22, 2021, Västra Götaland, 268017, "0,195474", Färdigvaccinerade
22, 2021, Värmland, 125513, "0,551093", Minst 1 dos
22, 2021, Värmland, 76572, "0,336206", Färdigvaccinerade
22, 2021, Örebro, 125810, "0,520793", Minst 1 dos
22, 2021, Örebro, 66179, "0,273949", Färdigvaccinerade
22, 2021, Västmanland, 115520, "0,528007", Minst 1 dos
22, 2021, Västmanland, 58284, "0,266399", Färdigvaccinerade
22, 2021, Dalarna, 124088, "0,541391", Minst 1 dos
22, 2021, Dalarna, 67111, "0,292803", Färdigvaccinerade
22, 2021, Gävleborg, 134658, "0,585576", Minst 1 dos
22, 2021, Gävleborg, 63399, "0,275698", Färdigvaccinerade
22, 2021, Västernorrland, 101830, "0,520832", Minst 1 dos
22, 2021, Västernorrland, 55609, "0,284425", Färdigvaccinerade
22, 2021, Jämtland, 56400, "0,539357", Minst 1 dos
22, 2021, Jämtland, 28061, "0,268349", Färdigvaccinerade
22, 2021, Västerbotten, 109860, "0,502838", Minst 1 dos
22, 2021, Västerbotten, 50737, "0,232227", Färdigvaccinerade
22, 2021, Norrbotten, 99884, "0,491226", Minst 1 dos
22, 2021, Norrbotten, 57255, "0,281578", Färdigvaccinerade
23, 2021, | Sverige |, 4208150, "0,513822", Minst 1 dos
23, 2021, | Sverige |, 2258620, "0,275781", Färdigvaccinerade
23, 2021, Stockholm, 907129, "0,485335", Minst 1 dos
23, 2021, Stockholm, 396326, "0,212043", Färdigvaccinerade
23, 2021, Uppsala, 172899, "0,564437", Minst 1 dos
23, 2021, Uppsala, 78733, "0,257028", Färdigvaccinerade
23, 2021, Södermanland, 135605, "0,579288", Minst 1 dos
23, 2021, Södermanland, 84478, "0,360880", Färdigvaccinerade
23, 2021, Östergötland, 202563, "0,547170", Minst 1 dos
23, 2021, Östergötland, 124747, "0,336971", Färdigvaccinerade
23, 2021, Jönköping, 148138, "0,519433", Minst 1 dos
23, 2021, Jönköping, 95088, "0,333417", Färdigvaccinerade
23, 2021, Kronoberg, 80041, "0,506092", Minst 1 dos
23, 2021, Kronoberg, 47985, "0,303405", Färdigvaccinerade
23, 2021, Kalmar, 114367, "0,579719", Minst 1 dos
23, 2021, Kalmar, 73919, "0,374691", Färdigvaccinerade
23, 2021, Gotland, 26891, "0,548326", Minst 1 dos
23, 2021, Gotland, 14743, "0,300620", Färdigvaccinerade
23, 2021, Blekinge, 75790, "0,597190", Minst 1 dos
23, 2021, Blekinge, 37134, "0,292599", Färdigvaccinerade
23, 2021, Skåne, 510894, "0,468874", Minst 1 dos
23, 2021, Skåne, 266980, "0,245021", Färdigvaccinerade
23, 2021, Halland, 142308, "0,539626", Minst 1 dos
23, 2021, Halland, 81491, "0,309010", Färdigvaccinerade
23, 2021, Västra Götaland, 640732, "0,467307", Minst 1 dos
23, 2021, Västra Götaland, 332093, "0,242207", Färdigvaccinerade
23, 2021, Värmland, 130445, "0,572748", Minst 1 dos
23, 2021, Värmland, 90465, "0,397207", Färdigvaccinerade
23, 2021, Örebro, 138094, "0,571643", Minst 1 dos
23, 2021, Örebro, 77486, "0,320755", Färdigvaccinerade
23, 2021, Västmanland, 119631, "0,546797", Minst 1 dos
23, 2021, Västmanland, 69914, "0,319556", Färdigvaccinerade
23, 2021, Dalarna, 130919, "0,571195", Minst 1 dos
23, 2021, Dalarna, 79305, "0,346005", Färdigvaccinerade
23, 2021, Gävleborg, 140652, "0,611642", Minst 1 dos
23, 2021, Gävleborg, 74469, "0,323837", Färdigvaccinerade
23, 2021, Västernorrland, 109383, "0,559464", Minst 1 dos
23, 2021, Västernorrland, 69048, "0,353161", Färdigvaccinerade
23, 2021, Jämtland, 59289, "0,566984", Minst 1 dos
23, 2021, Jämtland, 33098, "0,316518", Färdigvaccinerade
23, 2021, Västerbotten, 115829, "0,530158", Minst 1 dos
23, 2021, Västerbotten, 61980, "0,283687", Färdigvaccinerade
23, 2021, Norrbotten, 106551, "0,524014", Minst 1 dos
23, 2021, Norrbotten, 69138, "0,340018", Färdigvaccinerade
24, 2021, | Sverige |, 4485632, "0,547703", Minst 1 dos
24, 2021, | Sverige |, 2699546, "0,329619", Färdigvaccinerade
24, 2021, Stockholm, 954646, "0,510757", Minst 1 dos
24, 2021, Stockholm, 472529, "0,252814", Färdigvaccinerade
24, 2021, Uppsala, 184524, "0,602388", Minst 1 dos
24, 2021, Uppsala, 95404, "0,311451", Färdigvaccinerade
24, 2021, Södermanland, 145688, "0,622362", Minst 1 dos
24, 2021, Södermanland, 94057, "0,401800", Färdigvaccinerade
24, 2021, Östergötland, 217752, "0,588199", Minst 1 dos
24, 2021, Östergötland, 144149, "0,389380", Färdigvaccinerade
24, 2021, Jönköping, 157233, "0,551323", Minst 1 dos
24, 2021, Jönköping, 109237, "0,383030", Färdigvaccinerade
24, 2021, Kronoberg, 85608, "0,541292", Minst 1 dos
24, 2021, Kronoberg, 58160, "0,367741", Färdigvaccinerade
24, 2021, Kalmar, 119685, "0,606676", Minst 1 dos
24, 2021, Kalmar, 83773, "0,424640", Färdigvaccinerade
24, 2021, Gotland, 28042, "0,571796", Minst 1 dos
24, 2021, Gotland, 17544, "0,357734", Färdigvaccinerade
24, 2021, Blekinge, 79927, "0,629788", Minst 1 dos
24, 2021, Blekinge, 43338, "0,341483", Färdigvaccinerade
24, 2021, Skåne, 559117, "0,513130", Minst 1 dos
24, 2021, Skåne, 334665, "0,307139", Färdigvaccinerade
24, 2021, Halland, 157800, "0,598371", Minst 1 dos
24, 2021, Halland, 93209, "0,353445", Färdigvaccinerade
24, 2021, Västra Götaland, 682171, "0,497530", Minst 1 dos
24, 2021, Västra Götaland, 406555, "0,296514", Färdigvaccinerade
24, 2021, Värmland, 138761, "0,609261", Minst 1 dos
24, 2021, Värmland, 105883, "0,464903", Färdigvaccinerade
24, 2021, Örebro, 146976, "0,608410", Minst 1 dos
24, 2021, Örebro, 91470, "0,378642", Färdigvaccinerade
24, 2021, Västmanland, 126778, "0,579464", Minst 1 dos
24, 2021, Västmanland, 83763, "0,382855", Färdigvaccinerade
24, 2021, Dalarna, 140564, "0,613276", Minst 1 dos
24, 2021, Dalarna, 94457, "0,412112", Färdigvaccinerade
24, 2021, Gävleborg, 147269, "0,640417", Minst 1 dos
24, 2021, Gävleborg, 87867, "0,382100", Färdigvaccinerade
24, 2021, Västernorrland, 113475, "0,580393", Minst 1 dos
24, 2021, Västernorrland, 85148, "0,435508", Färdigvaccinerade
24, 2021, Jämtland, 61367, "0,586857", Minst 1 dos
24, 2021, Jämtland, 39407, "0,376852", Färdigvaccinerade
24, 2021, Västerbotten, 123168, "0,563750", Minst 1 dos
24, 2021, Västerbotten, 77662, "0,355465", Färdigvaccinerade
24, 2021, Norrbotten, 115081, "0,565965", Minst 1 dos
24, 2021, Norrbotten, 81269, "0,399678", Färdigvaccinerade
25, 2021, | Sverige |, 4732089, "0,577796", Minst 1 dos
25, 2021, | Sverige |, 3004062, "0,366801", Färdigvaccinerade
25, 2021, Stockholm, 983018, "0,525937", Minst 1 dos
25, 2021, Stockholm, 516603, "0,276394", Färdigvaccinerade
25, 2021, Uppsala, 202143, "0,659906", Minst 1 dos
25, 2021, Uppsala, 109227, "0,356577", Färdigvaccinerade
25, 2021, Södermanland, 153476, "0,655631", Minst 1 dos
25, 2021, Södermanland, 100520, "0,429409", Färdigvaccinerade
25, 2021, Östergötland, 228844, "0,618161", Minst 1 dos
25, 2021, Östergötland, 164104, "0,443284", Färdigvaccinerade
25, 2021, Jönköping, 175428, "0,615122", Minst 1 dos
25, 2021, Jönköping, 118471, "0,415408", Färdigvaccinerade
25, 2021, Kronoberg, 89234, "0,564219", Minst 1 dos
25, 2021, Kronoberg, 65999, "0,417306", Färdigvaccinerade
25, 2021, Kalmar, 128017, "0,648910", Minst 1 dos
25, 2021, Kalmar, 93945, "0,476201", Färdigvaccinerade
25, 2021, Gotland, 28070, "0,572367", Minst 1 dos
25, 2021, Gotland, 19594, "0,399535", Färdigvaccinerade
25, 2021, Blekinge, 84466, "0,665553", Minst 1 dos
25, 2021, Blekinge, 50881, "0,400919", Färdigvaccinerade
25, 2021, Skåne, 595071, "0,546127", Minst 1 dos
25, 2021, Skåne, 371488, "0,340934", Färdigvaccinerade
25, 2021, Halland, 169596, "0,643101", Minst 1 dos
25, 2021, Halland, 106407, "0,403491", Färdigvaccinerade
25, 2021, Västra Götaland, 716938, "0,522887", Minst 1 dos
25, 2021, Västra Götaland, 461423, "0,336531", Färdigvaccinerade
25, 2021, Värmland, 149967, "0,658463", Minst 1 dos
25, 2021, Värmland, 112418, "0,493596", Färdigvaccinerade
25, 2021, Örebro, 155476, "0,643596", Minst 1 dos
25, 2021, Örebro, 101194, "0,418894", Färdigvaccinerade
25, 2021, Västmanland, 132534, "0,605773", Minst 1 dos
25, 2021, Västmanland, 96576, "0,441420", Färdigvaccinerade
25, 2021, Dalarna, 149330, "0,651521", Minst 1 dos
25, 2021, Dalarna, 102244, "0,446087", Färdigvaccinerade
25, 2021, Gävleborg, 154945, "0,673797", Minst 1 dos
25, 2021, Gävleborg, 99179, "0,431292", Färdigvaccinerade
25, 2021, Västernorrland, 119954, "0,613532", Minst 1 dos
25, 2021, Västernorrland, 91827, "0,469670", Färdigvaccinerade
25, 2021, Jämtland, 65136, "0,622900", Minst 1 dos
25, 2021, Jämtland, 44556, "0,426092", Färdigvaccinerade
25, 2021, Västerbotten, 127075, "0,581632", Minst 1 dos
25, 2021, Västerbotten, 88592, "0,405492", Färdigvaccinerade
25, 2021, Norrbotten, 123371, "0,606735", Minst 1 dos
25, 2021, Norrbotten, 88814, "0,436784", Färdigvaccinerade
26, 2021, | Sverige |, 5322256, "0,649857", Minst 1 dos
26, 2021, | Sverige |, 3450558, "0,421319", Färdigvaccinerade
26, 2021, Stockholm, 1135802, "0,607680", Minst 1 dos
26, 2021, Stockholm, 685904, "0,366974", Färdigvaccinerade
26, 2021, Uppsala, 225290, "0,735470", Minst 1 dos
26, 2021, Uppsala, 119966, "0,391635", Färdigvaccinerade
26, 2021, Södermanland, 164902, "0,704441", Minst 1 dos
26, 2021, Södermanland, 106074, "0,453135", Färdigvaccinerade
26, 2021, Östergötland, 254485, "0,687424", Minst 1 dos
26, 2021, Östergötland, 171610, "0,463559", Färdigvaccinerade
26, 2021, Jönköping, 194165, "0,680822", Minst 1 dos
26, 2021, Jönköping, 123630, "0,433497", Färdigvaccinerade
26, 2021, Kronoberg, 95467, "0,603629", Minst 1 dos
26, 2021, Kronoberg, 70639, "0,446644", Färdigvaccinerade
26, 2021, Kalmar, 140563, "0,712505", Minst 1 dos
26, 2021, Kalmar, 101112, "0,512530", Färdigvaccinerade
26, 2021, Gotland, 33469, "0,682456", Minst 1 dos
26, 2021, Gotland, 21790, "0,444313", Färdigvaccinerade
26, 2021, Blekinge, 90019, "0,709308", Minst 1 dos
26, 2021, Blekinge, 58114, "0,457911", Färdigvaccinerade
26, 2021, Skåne, 675653, "0,620081", Minst 1 dos
26, 2021, Skåne, 442627, "0,406221", Färdigvaccinerade
26, 2021, Halland, 186129, "0,705793", Minst 1 dos
26, 2021, Halland, 116500, "0,441763", Färdigvaccinerade
26, 2021, Västra Götaland, 826961, "0,603130", Minst 1 dos
26, 2021, Västra Götaland, 544341, "0,397006", Färdigvaccinerade
26, 2021, Värmland, 171857, "0,754576", Minst 1 dos
26, 2021, Värmland, 114689, "0,503567", Färdigvaccinerade
26, 2021, Örebro, 170842, "0,707204", Minst 1 dos
26, 2021, Örebro, 109663, "0,453952", Färdigvaccinerade
26, 2021, Västmanland, 145103, "0,663222", Minst 1 dos
26, 2021, Västmanland, 103901, "0,474900", Färdigvaccinerade
26, 2021, Dalarna, 165264, "0,721041", Minst 1 dos
26, 2021, Dalarna, 110136, "0,480519", Färdigvaccinerade
26, 2021, Gävleborg, 165248, "0,718601", Minst 1 dos
26, 2021, Gävleborg, 111139, "0,483301", Färdigvaccinerade
26, 2021, Västernorrland, 135520, "0,693147", Minst 1 dos
26, 2021, Västernorrland, 95066, "0,486236", Färdigvaccinerade
26, 2021, Jämtland, 70194, "0,671270", Minst 1 dos
26, 2021, Jämtland, 49748, "0,475743", Färdigvaccinerade
26, 2021, Västerbotten, 140773, "0,644329", Minst 1 dos
26, 2021, Västerbotten, 98835, "0,452376", Färdigvaccinerade
26, 2021, Norrbotten, 134550, "0,661713", Minst 1 dos
26, 2021, Norrbotten, 95074, "0,467571", Färdigvaccinerade
27, 2021, | Sverige |, 5692247, "0,695033", Minst 1 dos
27, 2021, | Sverige |, 3655506, "0,446344", Färdigvaccinerade
27, 2021, Stockholm, 1194955, "0,639328", Minst 1 dos
27, 2021, Stockholm, 752825, "0,402779", Färdigvaccinerade
27, 2021, Uppsala, 231560, "0,755939", Minst 1 dos
27, 2021, Uppsala, 133604, "0,436157", Färdigvaccinerade
27, 2021, Södermanland, 172098, "0,735182", Minst 1 dos
27, 2021, Södermanland, 111489, "0,476268", Färdigvaccinerade
27, 2021, Östergötland, 275573, "0,744388", Minst 1 dos
27, 2021, Östergötland, 173012, "0,467346", Färdigvaccinerade
27, 2021, Jönköping, 207168, "0,726416", Minst 1 dos
27, 2021, Jönköping, 126756, "0,444458", Färdigvaccinerade
27, 2021, Kronoberg, 104411, "0,660181", Minst 1 dos
27, 2021, Kronoberg, 72261, "0,456900", Färdigvaccinerade
27, 2021, Kalmar, 149112, "0,755839", Minst 1 dos
27, 2021, Kalmar, 104752, "0,530981", Färdigvaccinerade
27, 2021, Gotland, 36628, "0,746870", Minst 1 dos
27, 2021, Gotland, 22649, "0,461829", Färdigvaccinerade
27, 2021, Blekinge, 94609, "0,745475", Minst 1 dos
27, 2021, Blekinge, 64250, "0,506260", Färdigvaccinerade
27, 2021, Skåne, 733975, "0,673606", Minst 1 dos
27, 2021, Skåne, 473489, "0,434545", Färdigvaccinerade
27, 2021, Halland, 201185, "0,762885", Minst 1 dos
27, 2021, Halland, 118025, "0,447546", Färdigvaccinerade
27, 2021, Västra Götaland, 899650, "0,656145", Minst 1 dos
27, 2021, Västra Götaland, 582195, "0,424614", Färdigvaccinerade
27, 2021, Värmland, 185655, "0,815159", Minst 1 dos
27, 2021, Värmland, 115026, "0,505047", Färdigvaccinerade
27, 2021, Örebro, 184358, "0,763153", Minst 1 dos
27, 2021, Örebro, 115729, "0,479062", Färdigvaccinerade
27, 2021, Västmanland, 157741, "0,720986", Minst 1 dos
27, 2021, Västmanland, 106400, "0,486322", Färdigvaccinerade
27, 2021, Dalarna, 174439, "0,761071", Minst 1 dos
27, 2021, Dalarna, 118269, "0,516003", Färdigvaccinerade
27, 2021, Gävleborg, 173546, "0,754686", Minst 1 dos
27, 2021, Gävleborg, 117440, "0,510702", Färdigvaccinerade
27, 2021, Västernorrland, 147335, "0,753578", Minst 1 dos
27, 2021, Västernorrland, 97058, "0,496425", Färdigvaccinerade
27, 2021, Jämtland, 76496, "0,731536", Minst 1 dos
27, 2021, Jämtland, 50993, "0,487649", Färdigvaccinerade
27, 2021, Västerbotten, 146827, "0,672039", Minst 1 dos
27, 2021, Västerbotten, 102873, "0,470858", Färdigvaccinerade
27, 2021, Norrbotten, 144926, "0,712741", Minst 1 dos
27, 2021, Norrbotten, 96411, "0,474146", Färdigvaccinerade
28, 2021, | Sverige |, 6043536, "0,737926", Minst 1 dos
28, 2021, | Sverige |, 3823384, "0,466842", Färdigvaccinerade
28, 2021, Stockholm, 1280313, "0,684997", Minst 1 dos
28, 2021, Stockholm, 793290, "0,424428", Färdigvaccinerade
28, 2021, Uppsala, 241441, "0,788196", Minst 1 dos
28, 2021, Uppsala, 152980, "0,499411", Färdigvaccinerade
28, 2021, Södermanland, 179324, "0,766051", Minst 1 dos
28, 2021, Södermanland, 117658, "0,502621", Färdigvaccinerade
28, 2021, Östergötland, 289788, "0,782786", Minst 1 dos
28, 2021, Östergötland, 180808, "0,488405", Färdigvaccinerade
28, 2021, Jönköping, 211720, "0,742377", Minst 1 dos
28, 2021, Jönköping, 135890, "0,476486", Färdigvaccinerade
28, 2021, Kronoberg, 112323, "0,710208", Minst 1 dos
28, 2021, Kronoberg, 72918, "0,461054", Färdigvaccinerade
28, 2021, Kalmar, 157763, "0,799691", Minst 1 dos
28, 2021, Kalmar, 105257, "0,533541", Färdigvaccinerade
28, 2021, Gotland, 37933, "0,773480", Minst 1 dos
28, 2021, Gotland, 24286, "0,495208", Färdigvaccinerade
28, 2021, Blekinge, 98693, "0,777655", Minst 1 dos
28, 2021, Blekinge, 65359, "0,514999", Färdigvaccinerade
28, 2021, Skåne, 782785, "0,718402", Minst 1 dos
28, 2021, Skåne, 497439, "0,456525", Färdigvaccinerade
28, 2021, Halland, 208564, "0,790866", Minst 1 dos
28, 2021, Halland, 124314, "0,471393", Färdigvaccinerade
28, 2021, Västra Götaland, 970034, "0,707478", Minst 1 dos
28, 2021, Västra Götaland, 601293, "0,438543", Färdigvaccinerade
28, 2021, Värmland, 192691, "0,846053", Minst 1 dos
28, 2021, Värmland, 119218, "0,523453", Färdigvaccinerade
28, 2021, Örebro, 189996, "0,786492", Minst 1 dos
28, 2021, Örebro, 122953, "0,508966", Färdigvaccinerade
28, 2021, Västmanland, 167400, "0,765135", Minst 1 dos
28, 2021, Västmanland, 108913, "0,497808", Färdigvaccinerade
28, 2021, Dalarna, 182204, "0,794949", Minst 1 dos
28, 2021, Dalarna, 123795, "0,540113", Färdigvaccinerade
28, 2021, Gävleborg, 181147, "0,787740", Minst 1 dos
28, 2021, Gävleborg, 123077, "0,535215", Färdigvaccinerade
28, 2021, Västernorrland, 157788, "0,807042", Minst 1 dos
28, 2021, Västernorrland, 97645, "0,499427", Färdigvaccinerade
28, 2021, Jämtland, 80164, "0,766613", Minst 1 dos
28, 2021, Jämtland, 52703, "0,504002", Färdigvaccinerade
28, 2021, Västerbotten, 164711, "0,753895", Minst 1 dos
28, 2021, Västerbotten, 106209, "0,486127", Färdigvaccinerade
28, 2021, Norrbotten, 156754, "0,770911", Minst 1 dos
28, 2021, Norrbotten, 97379, "0,478907", Färdigvaccinerade
29, 2021, | Sverige |, 6272193, "0,765846", Minst 1 dos
29, 2021, | Sverige |, 4027059, "0,491711", Färdigvaccinerade
29, 2021, Stockholm, 1349587, "0,722060", Minst 1 dos
29, 2021, Stockholm, 841214, "0,450069", Färdigvaccinerade
29, 2021, Uppsala, 251333, "0,820489", Minst 1 dos
29, 2021, Uppsala, 163862, "0,534936", Färdigvaccinerade
29, 2021, Södermanland, 184765, "0,789294", Minst 1 dos
29, 2021, Södermanland, 125631, "0,536680", Färdigvaccinerade
29, 2021, Östergötland, 298997, "0,807661", Minst 1 dos
29, 2021, Östergötland, 189285, "0,511303", Färdigvaccinerade
29, 2021, Jönköping, 217781, "0,763629", Minst 1 dos
29, 2021, Jönköping, 143454, "0,503008", Färdigvaccinerade
29, 2021, Kronoberg, 117697, "0,744188", Minst 1 dos
29, 2021, Kronoberg, 74312, "0,469868", Färdigvaccinerade
29, 2021, Kalmar, 160561, "0,813874", Minst 1 dos
29, 2021, Kalmar, 109092, "0,552981", Färdigvaccinerade
29, 2021, Gotland, 38550, "0,786061", Minst 1 dos
29, 2021, Gotland, 26341, "0,537111", Färdigvaccinerade
29, 2021, Blekinge, 102024, "0,803902", Minst 1 dos
29, 2021, Blekinge, 69869, "0,550535", Färdigvaccinerade
29, 2021, Skåne, 807976, "0,741521", Minst 1 dos
29, 2021, Skåne, 530357, "0,486736", Färdigvaccinerade
29, 2021, Halland, 214364, "0,812859", Minst 1 dos
29, 2021, Halland, 132072, "0,500811", Färdigvaccinerade
29, 2021, Västra Götaland, 1012873, "0,738722", Minst 1 dos
29, 2021, Västra Götaland, 623333, "0,454618", Färdigvaccinerade
29, 2021, Värmland, 195332, "0,857648", Minst 1 dos
29, 2021, Värmland, 125407, "0,550627", Färdigvaccinerade
29, 2021, Örebro, 192703, "0,797698", Minst 1 dos
29, 2021, Örebro, 136141, "0,563558", Färdigvaccinerade
29, 2021, Västmanland, 171237, "0,782672", Minst 1 dos
29, 2021, Västmanland, 114293, "0,522399", Färdigvaccinerade
29, 2021, Dalarna, 187907, "0,819831", Minst 1 dos
29, 2021, Dalarna, 124645, "0,543822", Färdigvaccinerade
29, 2021, Gävleborg, 184376, "0,801781", Minst 1 dos
29, 2021, Gävleborg, 131847, "0,573353", Färdigvaccinerade
29, 2021, Västernorrland, 161972, "0,828442", Minst 1 dos
29, 2021, Västernorrland, 100586, "0,514470", Färdigvaccinerade
29, 2021, Jämtland, 82589, "0,789804", Minst 1 dos
29, 2021, Jämtland, 55580, "0,531515", Färdigvaccinerade
29, 2021, Västerbotten, 173459, "0,793935", Minst 1 dos
29, 2021, Västerbotten, 111190, "0,508925", Färdigvaccinerade
29, 2021, Norrbotten, 166110, "0,816924", Minst 1 dos
29, 2021, Norrbotten, 98548, "0,484656", Färdigvaccinerade
30, 2021, | Sverige |, 6399147, "0,781347", Minst 1 dos
30, 2021, | Sverige |, 4267502, "0,521069", Färdigvaccinerade
30, 2021, Stockholm, 1387027, "0,742091", Minst 1 dos
30, 2021, Stockholm, 902930, "0,483088", Färdigvaccinerade
30, 2021, Uppsala, 256163, "0,836257", Minst 1 dos
30, 2021, Uppsala, 176555, "0,576372", Färdigvaccinerade
30, 2021, Södermanland, 187126, "0,799380", Minst 1 dos
30, 2021, Södermanland, 131682, "0,562530", Färdigvaccinerade
30, 2021, Östergötland, 303141, "0,818855", Minst 1 dos
30, 2021, Östergötland, 198939, "0,537381", Färdigvaccinerade
30, 2021, Jönköping, 222000, "0,778423", Minst 1 dos
30, 2021, Jönköping, 144404, "0,506340", Färdigvaccinerade
30, 2021, Kronoberg, 121225, "0,766495", Minst 1 dos
30, 2021, Kronoberg, 79052, "0,499839", Färdigvaccinerade
30, 2021, Kalmar, 162256, "0,822466", Minst 1 dos
30, 2021, Kalmar, 112554, "0,570529", Färdigvaccinerade
30, 2021, Gotland, 40763, "0,831186", Minst 1 dos
30, 2021, Gotland, 26497, "0,540292", Färdigvaccinerade
30, 2021, Blekinge, 103873, "0,818471", Minst 1 dos
30, 2021, Blekinge, 74496, "0,586994", Färdigvaccinerade
30, 2021, Skåne, 823055, "0,755360", Minst 1 dos
30, 2021, Skåne, 566797, "0,520179", Färdigvaccinerade
30, 2021, Halland, 217322, "0,824076", Minst 1 dos
30, 2021, Halland, 140162, "0,531488", Färdigvaccinerade
30, 2021, Västra Götaland, 1037509, "0,756690", Minst 1 dos
30, 2021, Västra Götaland, 654952, "0,477678", Färdigvaccinerade
30, 2021, Värmland, 196580, "0,863128", Minst 1 dos
30, 2021, Värmland, 134324, "0,589779", Färdigvaccinerade
30, 2021, Örebro, 194675, "0,805861", Minst 1 dos
30, 2021, Örebro, 147693, "0,611378", Färdigvaccinerade
30, 2021, Västmanland, 173711, "0,793980", Minst 1 dos
30, 2021, Västmanland, 119742, "0,547304", Färdigvaccinerade
30, 2021, Dalarna, 189801, "0,828095", Minst 1 dos
30, 2021, Dalarna, 131027, "0,571666", Färdigvaccinerade
30, 2021, Gävleborg, 186375, "0,810474", Minst 1 dos
30, 2021, Gävleborg, 139336, "0,605919", Färdigvaccinerade
30, 2021, Västernorrland, 163821, "0,837899", Minst 1 dos
30, 2021, Västernorrland, 107730, "0,551009", Färdigvaccinerade
30, 2021, Jämtland, 83274, "0,796355", Minst 1 dos
30, 2021, Jämtland, 58187, "0,556446", Färdigvaccinerade
30, 2021, Västerbotten, 179675, "0,822386", Minst 1 dos
30, 2021, Västerbotten, 116192, "0,531820", Färdigvaccinerade
30, 2021, Norrbotten, 169775, "0,834948", Minst 1 dos
30, 2021, Norrbotten, 104251, "0,512703", Färdigvaccinerade
31, 2021, | Sverige |, 6489801, "0,792416", Minst 1 dos
31, 2021, | Sverige |, 4579335, "0,559145", Färdigvaccinerade
31, 2021, Stockholm, 1414338, "0,756703", Minst 1 dos
31, 2021, Stockholm, 994097, "0,531865", Färdigvaccinerade
31, 2021, Uppsala, 259320, "0,846563", Minst 1 dos
31, 2021, Uppsala, 187909, "0,613438", Färdigvaccinerade
31, 2021, Södermanland, 189160, "0,808069", Minst 1 dos
31, 2021, Södermanland, 142289, "0,607841", Färdigvaccinerade
31, 2021, Östergötland, 307007, "0,829298", Minst 1 dos
31, 2021, Östergötland, 213999, "0,578062", Färdigvaccinerade
31, 2021, Jönköping, 224227, "0,786232", Minst 1 dos
31, 2021, Jönköping, 153172, "0,537084", Färdigvaccinerade
31, 2021, Kronoberg, 123473, "0,780709", Minst 1 dos
31, 2021, Kronoberg, 84501, "0,534292", Färdigvaccinerade
31, 2021, Kalmar, 163327, "0,827894", Minst 1 dos
31, 2021, Kalmar, 118545, "0,600897", Färdigvaccinerade
31, 2021, Gotland, 41682, "0,849925", Minst 1 dos
31, 2021, Gotland, 27626, "0,563313", Färdigvaccinerade
31, 2021, Blekinge, 104975, "0,827154", Minst 1 dos
31, 2021, Blekinge, 78343, "0,617307", Färdigvaccinerade
31, 2021, Skåne, 835605, "0,766877", Minst 1 dos
31, 2021, Skåne, 604405, "0,554693", Färdigvaccinerade
31, 2021, Halland, 218753, "0,829502", Minst 1 dos
31, 2021, Halland, 155526, "0,589748", Färdigvaccinerade
31, 2021, Västra Götaland, 1053920, "0,768659", Minst 1 dos
31, 2021, Västra Götaland, 694104, "0,506233", Färdigvaccinerade
31, 2021, Värmland, 197695, "0,868024", Minst 1 dos
31, 2021, Värmland, 146810, "0,644602", Färdigvaccinerade
31, 2021, Örebro, 196659, "0,814074", Minst 1 dos
31, 2021, Örebro, 157234, "0,650873", Färdigvaccinerade
31, 2021, Västmanland, 175298, "0,801234", Minst 1 dos
31, 2021, Västmanland, 127030, "0,580616", Färdigvaccinerade
31, 2021, Dalarna, 190462, "0,830979", Minst 1 dos
31, 2021, Dalarna, 138575, "0,604598", Färdigvaccinerade
31, 2021, Gävleborg, 187920, "0,817193", Minst 1 dos
31, 2021, Gävleborg, 147525, "0,641530", Färdigvaccinerade
31, 2021, Västernorrland, 164803, "0,842922", Minst 1 dos
31, 2021, Västernorrland, 111889, "0,572281", Färdigvaccinerade
31, 2021, Jämtland, 84943, "0,812315", Minst 1 dos
31, 2021, Jämtland, 60438, "0,577972", Färdigvaccinerade
31, 2021, Västerbotten, 183905, "0,841748", Minst 1 dos
31, 2021, Västerbotten, 122974, "0,562862", Färdigvaccinerade
31, 2021, Norrbotten, 172329, "0,847509", Minst 1 dos
31, 2021, Norrbotten, 112344, "0,552504", Färdigvaccinerade
32, 2021, | Sverige |, 6564896, "0,801585", Minst 1 dos
32, 2021, | Sverige |, 4912716, "0,599851", Färdigvaccinerade
32, 2021, Stockholm, 1436007, "0,768297", Minst 1 dos
32, 2021, Stockholm, 1073217, "0,574196", Färdigvaccinerade
32, 2021, Uppsala, 260712, "0,851107", Minst 1 dos
32, 2021, Uppsala, 198775, "0,648911", Färdigvaccinerade
32, 2021, Södermanland, 191268, "0,817074", Minst 1 dos
32, 2021, Södermanland, 154308, "0,659185", Färdigvaccinerade
32, 2021, Östergötland, 310009, "0,837407", Minst 1 dos
32, 2021, Östergötland, 225556, "0,609280", Färdigvaccinerade
32, 2021, Jönköping, 226808, "0,795282", Minst 1 dos
32, 2021, Jönköping, 171084, "0,599891", Färdigvaccinerade
32, 2021, Kronoberg, 125002, "0,790377", Minst 1 dos
32, 2021, Kronoberg, 89266, "0,564421", Färdigvaccinerade
32, 2021, Kalmar, 164746, "0,835087", Minst 1 dos
32, 2021, Kalmar, 127637, "0,646984", Färdigvaccinerade
32, 2021, Gotland, 41975, "0,855899", Minst 1 dos
32, 2021, Gotland, 29870, "0,609070", Färdigvaccinerade
32, 2021, Blekinge, 105814, "0,833765", Minst 1 dos
32, 2021, Blekinge, 83231, "0,655822", Färdigvaccinerade
32, 2021, Skåne, 844164, "0,774732", Minst 1 dos
32, 2021, Skåne, 656412, "0,602423", Färdigvaccinerade
32, 2021, Halland, 220133, "0,834735", Minst 1 dos
32, 2021, Halland, 167025, "0,633352", Färdigvaccinerade
32, 2021, Västra Götaland, 1069512, "0,780031", Minst 1 dos
32, 2021, Västra Götaland, 737294, "0,537733", Färdigvaccinerade
32, 2021, Värmland, 198828, "0,872998", Minst 1 dos
32, 2021, Värmland, 159554, "0,700557", Färdigvaccinerade
32, 2021, Örebro, 198420, "0,821363", Minst 1 dos
32, 2021, Örebro, 167419, "0,693034", Färdigvaccinerade
32, 2021, Västmanland, 176765, "0,807939", Minst 1 dos
32, 2021, Västmanland, 134373, "0,614178", Färdigvaccinerade
32, 2021, Dalarna, 191407, "0,835102", Minst 1 dos
32, 2021, Dalarna, 147752, "0,644637", Färdigvaccinerade
32, 2021, Gävleborg, 189690, "0,824890", Minst 1 dos
32, 2021, Gävleborg, 155560, "0,676471", Färdigvaccinerade
32, 2021, Västernorrland, 166235, "0,850246", Minst 1 dos
32, 2021, Västernorrland, 118432, "0,605747", Färdigvaccinerade
32, 2021, Jämtland, 86323, "0,825512", Minst 1 dos
32, 2021, Jämtland, 64559, "0,617382", Färdigvaccinerade
32, 2021, Västerbotten, 186641, "0,854270", Minst 1 dos
32, 2021, Västerbotten, 129974, "0,594901", Färdigvaccinerade
32, 2021, Norrbotten, 174437, "0,857876", Minst 1 dos
32, 2021, Norrbotten, 121418, "0,597130", Färdigvaccinerade
33, 2021, | Sverige |, 6633103, "0,809913", Minst 1 dos
33, 2021, | Sverige |, 5318328, "0,649377", Färdigvaccinerade
33, 2021, Stockholm, 1454114, "0,777984", Minst 1 dos
33, 2021, Stockholm, 1154931, "0,617914", Färdigvaccinerade
33, 2021, Uppsala, 262507, "0,856967", Minst 1 dos
33, 2021, Uppsala, 213484, "0,696929", Färdigvaccinerade
33, 2021, Södermanland, 193312, "0,825806", Minst 1 dos
33, 2021, Södermanland, 165479, "0,706906", Färdigvaccinerade
33, 2021, Östergötland, 311865, "0,842421", Minst 1 dos
33, 2021, Östergötland, 250742, "0,677313", Färdigvaccinerade
33, 2021, Jönköping, 228841, "0,802410", Minst 1 dos
33, 2021, Jönköping, 188995, "0,662694", Färdigvaccinerade
33, 2021, Kronoberg, 126385, "0,799121", Minst 1 dos
33, 2021, Kronoberg, 94682, "0,598666", Färdigvaccinerade
33, 2021, Kalmar, 165620, "0,839517", Minst 1 dos
33, 2021, Kalmar, 139736, "0,708313", Färdigvaccinerade
33, 2021, Gotland, 42412, "0,864810", Minst 1 dos
33, 2021, Gotland, 33089, "0,674707", Färdigvaccinerade
33, 2021, Blekinge, 106494, "0,839123", Minst 1 dos
33, 2021, Blekinge, 88570, "0,697891", Färdigvaccinerade
33, 2021, Skåne, 851752, "0,781696", Minst 1 dos
33, 2021, Skåne, 711643, "0,653111", Färdigvaccinerade
33, 2021, Halland, 221837, "0,841197", Minst 1 dos
33, 2021, Halland, 183362, "0,695301", Färdigvaccinerade
33, 2021, Västra Götaland, 1085014, "0,791337", Minst 1 dos
33, 2021, Västra Götaland, 799947, "0,583428", Färdigvaccinerade
33, 2021, Värmland, 200399, "0,879896", Minst 1 dos
33, 2021, Värmland, 172234, "0,756232", Färdigvaccinerade
33, 2021, Örebro, 200404, "0,829576", Minst 1 dos
33, 2021, Örebro, 178827, "0,740258", Färdigvaccinerade
33, 2021, Västmanland, 178443, "0,815609", Minst 1 dos
33, 2021, Västmanland, 143741, "0,656997", Färdigvaccinerade
33, 2021, Dalarna, 192250, "0,838780", Minst 1 dos
33, 2021, Dalarna, 160575, "0,700583", Färdigvaccinerade
33, 2021, Gävleborg, 191214, "0,831517", Minst 1 dos
33, 2021, Gävleborg, 164453, "0,715144", Färdigvaccinerade
33, 2021, Västernorrland, 167460, "0,856512", Minst 1 dos
33, 2021, Västernorrland, 133533, "0,682984", Färdigvaccinerade
33, 2021, Jämtland, 87491, "0,836682", Minst 1 dos
33, 2021, Jämtland, 69877, "0,668238", Färdigvaccinerade
33, 2021, Västerbotten, 189370, "0,866761", Minst 1 dos
33, 2021, Västerbotten, 138620, "0,634475", Färdigvaccinerade
33, 2021, Norrbotten, 175919, "0,865164", Minst 1 dos
33, 2021, Norrbotten, 131808, "0,648228", Färdigvaccinerade
34, 2021, | Sverige |, 6697421, "0,817767", Minst 1 dos
34, 2021, | Sverige |, 5689460, "0,694693", Färdigvaccinerade
34, 2021, Stockholm, 1469273, "0,786095", Minst 1 dos
34, 2021, Stockholm, 1233702, "0,660059", Färdigvaccinerade
34, 2021, Uppsala, 264701, "0,864129", Minst 1 dos
34, 2021, Uppsala, 227638, "0,743135", Färdigvaccinerade
34, 2021, Södermanland, 195125, "0,833550", Minst 1 dos
34, 2021, Södermanland, 174107, "0,743764", Färdigvaccinerade
34, 2021, Östergötland, 314636, "0,849906", Minst 1 dos
34, 2021, Östergötland, 270235, "0,729968", Färdigvaccinerade
34, 2021, Jönköping, 232022, "0,813564", Minst 1 dos
34, 2021, Jönköping, 200828, "0,704185", Färdigvaccinerade
34, 2021, Kronoberg, 127261, "0,804660", Minst 1 dos
34, 2021, Kronoberg, 102775, "0,649837", Färdigvaccinerade
34, 2021, Kalmar, 166194, "0,842427", Minst 1 dos
34, 2021, Kalmar, 147149, "0,745889", Färdigvaccinerade
34, 2021, Gotland, 42934, "0,875454", Minst 1 dos
34, 2021, Gotland, 36160, "0,737327", Färdigvaccinerade
34, 2021, Blekinge, 107284, "0,845348", Minst 1 dos
34, 2021, Blekinge, 92968, "0,732545", Färdigvaccinerade
34, 2021, Skåne, 859897, "0,789171", Minst 1 dos
34, 2021, Skåne, 760208, "0,697682", Färdigvaccinerade
34, 2021, Halland, 223610, "0,847920", Minst 1 dos
34, 2021, Halland, 198413, "0,752374", Färdigvaccinerade
34, 2021, Västra Götaland, 1100045, "0,802300", Minst 1 dos
34, 2021, Västra Götaland, 865873, "0,631510", Färdigvaccinerade
34, 2021, Värmland, 201247, "0,883620", Minst 1 dos
34, 2021, Värmland, 183927, "0,807572", Färdigvaccinerade
34, 2021, Örebro, 201721, "0,835028", Minst 1 dos
34, 2021, Örebro, 187452, "0,775961", Färdigvaccinerade
34, 2021, Västmanland, 179809, "0,821853", Minst 1 dos
34, 2021, Västmanland, 154150, "0,704573", Färdigvaccinerade
34, 2021, Dalarna, 193528, "0,844356", Minst 1 dos
34, 2021, Dalarna, 170012, "0,741756", Färdigvaccinerade
34, 2021, Gävleborg, 192431, "0,836809", Minst 1 dos
34, 2021, Gävleborg, 172564, "0,750415", Färdigvaccinerade
34, 2021, Västernorrland, 168745, "0,863084", Minst 1 dos
34, 2021, Västernorrland, 144933, "0,741292", Färdigvaccinerade
34, 2021, Jämtland, 88178, "0,843252", Minst 1 dos
34, 2021, Jämtland, 75474, "0,721763", Färdigvaccinerade
34, 2021, Västerbotten, 191663, "0,877256", Minst 1 dos
34, 2021, Västerbotten, 149304, "0,683376", Färdigvaccinerade
34, 2021, Norrbotten, 177117, "0,871056", Minst 1 dos
34, 2021, Norrbotten, 141588, "0,696325", Färdigvaccinerade